window,test_start,test_end,alpha,beta,adf_p,skipped,n_trades,y,x
0,2024-01-01 00:00:00+02:00,2024-04-01 00:00:00+03:00,1.2674043443972842,-0.28820232891520275,0.005360279444988279,,3.0,NZDCAD,CHFJPY
1,2024-04-01 00:00:00+03:00,2024-07-01 00:00:00+03:00,0.44529609050449137,-0.12588889418100405,0.014636871492083498,,1.0,NZDCAD,CHFJPY
2,2024-07-01 00:00:00+03:00,2024-10-01 00:00:00+03:00,-1.8904639479698357,0.3305260328037325,0.004230749035715983,,2.0,NZDCAD,CHFJPY
3,2024-10-01 00:00:00+03:00,2025-01-01 00:00:00+02:00,-1.3961335618554416,0.23479535504236682,0.041683884387974594,,2.0,NZDCAD,CHFJPY
4,2025-01-01 00:00:00+02:00,2025-04-01 00:00:00+03:00,-0.8158738993585093,0.12195654544824723,0.02326324847620524,,1.0,NZDCAD,CHFJPY
5,2025-04-01 00:00:00+03:00,2025-07-01 00:00:00+03:00,-1.2501676325505016,0.20568856982041522,0.00911760179875303,,1.0,NZDCAD,CHFJPY
6,2025-07-01 00:00:00+03:00,2025-10-01 00:00:00+03:00,-0.41290039176097254,0.04258928901848247,0.003855147180726961,,4.0,NZDCAD,CHFJPY
7,2025-10-01 00:00:00+03:00,2026-01-01 00:00:00+02:00,-0.04877576385672154,-0.029018439814751346,0.00015139384319954818,,1.0,NZDCAD,CHFJPY
8,2026-01-01 00:00:00+02:00,2026-04-01 00:00:00+03:00,0.5541531725330506,-0.1465772817382472,0.0005379047101121007,,1.0,NZDCAD,CHFJPY
0,2024-01-01 00:00:00+02:00,2024-04-01 00:00:00+03:00,1.72797054039372,-0.3815535102951289,0.0017073468280784706,,3.0,NZDCAD,EURJPY
1,2024-04-01 00:00:00+03:00,2024-07-01 00:00:00+03:00,0.7766337617576173,-0.19244394947295185,0.011474307674724864,,1.0,NZDCAD,EURJPY
2,2024-07-01 00:00:00+03:00,2024-10-01 00:00:00+03:00,-1.3181390038375749,0.22060395065039784,0.010320629031923809,,2.0,NZDCAD,EURJPY
3,2024-10-01 00:00:00+03:00,2025-01-01 00:00:00+02:00,-0.5379247600915831,0.0683128262929552,0.0790212476968617,,3.0,NZDCAD,EURJPY
4,2025-01-01 00:00:00+02:00,2025-04-01 00:00:00+03:00,-0.27355887063420276,0.016752016994930802,0.029948093286540717,,1.0,NZDCAD,EURJPY
5,2025-04-01 00:00:00+03:00,2025-07-01 00:00:00+03:00,-0.8589494689692219,0.13093506408597713,0.009602255237099327,,0.0,NZDCAD,EURJPY
6,2025-07-01 00:00:00+03:00,2025-10-01 00:00:00+03:00,-0.5620548853519683,0.07237857258036118,0.003965533803701105,,4.0,NZDCAD,EURJPY
7,2025-10-01 00:00:00+03:00,2026-01-01 00:00:00+02:00,-0.049377509520883364,-0.02926224400681923,0.00014590819536405858,,1.0,NZDCAD,EURJPY
8,2026-01-01 00:00:00+02:00,2026-04-01 00:00:00+03:00,0.6122676076750762,-0.15977022864226637,0.00045103802376686875,,1.0,NZDCAD,EURJPY
0,2024-01-01 00:00:00+02:00,2024-04-01 00:00:00+03:00,0.11300714502724636,0.5063010147158996,0.020924411335299205,,2.0,NZDCAD,NZDCHF
1,2024-04-01 00:00:00+03:00,2024-07-01 00:00:00+03:00,0.07549590201891444,0.4405475999393836,0.029287649158353007,,1.0,NZDCAD,NZDCHF
2,2024-07-01 00:00:00+03:00,2024-10-01 00:00:00+03:00,0.12514130429016856,0.5192239173371448,0.013618400617601646,,2.0,NZDCAD,NZDCHF
3,2024-10-01 00:00:00+03:00,2025-01-01 00:00:00+02:00,-0.08376436799087819,0.1706400260564179,0.11830889064151934,adf_gate,,NZDCAD,NZDCHF
4,2025-01-01 00:00:00+02:00,2025-04-01 00:00:00+03:00,-0.11263411551727975,0.11984086632990644,0.02988618770935103,,1.0,NZDCAD,NZDCHF
5,2025-04-01 00:00:00+03:00,2025-07-01 00:00:00+03:00,-0.041455080538860836,0.23376734514337094,0.006198074776075192,,1.0,NZDCAD,NZDCHF
6,2025-07-01 00:00:00+03:00,2025-10-01 00:00:00+03:00,-0.04781115697776393,0.2176180836101317,0.008852559664551262,,1.0,NZDCAD,NZDCHF
7,2025-10-01 00:00:00+03:00,2026-01-01 00:00:00+02:00,-0.11281776251675381,0.12319658085895868,0.00023622516843123137,,2.0,NZDCAD,NZDCHF
8,2026-01-01 00:00:00+02:00,2026-04-01 00:00:00+03:00,-0.07528120664422804,0.18106118310748853,0.0028779052484613258,,1.0,NZDCAD,NZDCHF
0,2024-01-01 00:00:00+02:00,2024-04-01 00:00:00+03:00,0.26955719608773443,0.19145680884090868,0.005143024635098543,,0.0,EURCAD,EURNZD
1,2024-04-01 00:00:00+03:00,2024-07-01 00:00:00+03:00,0.2780968484954428,0.17712323293182983,0.00684510827327828,,1.0,EURCAD,EURNZD
2,2024-07-01 00:00:00+03:00,2024-10-01 00:00:00+03:00,0.31617219814069325,0.11365409563044085,0.0027739733755379474,,1.0,EURCAD,EURNZD
3,2024-10-01 00:00:00+03:00,2025-01-01 00:00:00+02:00,0.155302431162154,0.4033365611723927,0.06771737966097822,,2.0,EURCAD,EURNZD
4,2025-01-01 00:00:00+02:00,2025-04-01 00:00:00+03:00,0.12338079433681676,0.4642473724734734,0.024483927496522236,,4.0,EURCAD,EURNZD
5,2025-04-01 00:00:00+03:00,2025-07-01 00:00:00+03:00,0.09266143225863231,0.5203625605280876,0.009477728030988201,,1.0,EURCAD,EURNZD
6,2025-07-01 00:00:00+03:00,2025-10-01 00:00:00+03:00,-0.03534586487546244,0.74098424111281,0.009463283530034946,,2.0,EURCAD,EURNZD
7,2025-10-01 00:00:00+03:00,2026-01-01 00:00:00+02:00,-0.11590822822471548,0.8694983759740911,0.00020276567899939847,,2.0,EURCAD,EURNZD
8,2026-01-01 00:00:00+02:00,2026-04-01 00:00:00+03:00,-0.0714857574537262,0.7955582429272862,0.0029863264130231995,,1.0,EURCAD,EURNZD
0,2024-01-01 00:00:00+02:00,2024-04-01 00:00:00+03:00,0.002182311848413253,0.46816075139419655,0.013486746990119676,,2.0,NZDCAD,CADCHF
1,2024-04-01 00:00:00+03:00,2024-07-01 00:00:00+03:00,-0.26448206307906924,-0.16299762039408267,0.011068057949449222,,1.0,NZDCAD,CADCHF
2,2024-07-01 00:00:00+03:00,2024-10-01 00:00:00+03:00,-0.35944583056735624,-0.38413092106797303,0.02779051339624693,,2.0,NZDCAD,CADCHF
3,2024-10-01 00:00:00+03:00,2025-01-01 00:00:00+02:00,-0.3247424580701847,-0.3115203528540809,0.047719990193710586,,3.0,NZDCAD,CADCHF
4,2025-01-01 00:00:00+02:00,2025-04-01 00:00:00+03:00,-0.24932908458292147,-0.13840937867642228,0.0438783656617569,,1.0,NZDCAD,CADCHF
5,2025-04-01 00:00:00+03:00,2025-07-01 00:00:00+03:00,-0.19608730937254942,-0.010169855420865487,0.01509575214777131,,0.0,NZDCAD,CADCHF
6,2025-07-01 00:00:00+03:00,2025-10-01 00:00:00+03:00,-0.1701468478397771,0.049117050812601974,0.004061658411387336,,3.0,NZDCAD,CADCHF
7,2025-10-01 00:00:00+03:00,2026-01-01 00:00:00+02:00,-0.1818426430547267,0.03388499195967339,0.00013016191814105125,,2.0,NZDCAD,CADCHF
8,2026-01-01 00:00:00+02:00,2026-04-01 00:00:00+03:00,-0.15219789721362634,0.10548396097645454,0.005352428102650152,,1.0,NZDCAD,CADCHF
0,2024-01-01 00:00:00+02:00,2024-04-01 00:00:00+03:00,-0.24431967172902486,0.5060903322278818,0.03231664813555555,,2.0,NZDCAD,GBPCHF
1,2024-04-01 00:00:00+03:00,2024-07-01 00:00:00+03:00,-0.1885706030816309,-0.0690571997394757,0.012642204524423307,,1.0,NZDCAD,GBPCHF
2,2024-07-01 00:00:00+03:00,2024-10-01 00:00:00+03:00,-0.20902622111862357,0.11002120457420363,0.021646474469100355,,2.0,NZDCAD,GBPCHF
3,2024-10-01 00:00:00+03:00,2025-01-01 00:00:00+02:00,-0.2013013319095974,0.10051857172073579,0.06763548179947845,,2.0,NZDCAD,GBPCHF
4,2025-01-01 00:00:00+02:00,2025-04-01 00:00:00+03:00,-0.18631376192803245,-0.015579347192913127,0.03138599566643794,,1.0,NZDCAD,GBPCHF
5,2025-04-01 00:00:00+03:00,2025-07-01 00:00:00+03:00,-0.19261800852501507,0.009044451962492081,0.014357764050733152,,0.0,NZDCAD,GBPCHF
6,2025-07-01 00:00:00+03:00,2025-10-01 00:00:00+03:00,-0.20211395264482662,0.07506545042037811,0.0047759957059303575,,3.0,NZDCAD,GBPCHF
7,2025-10-01 00:00:00+03:00,2026-01-01 00:00:00+02:00,-0.21054866716429493,0.11406623682944035,0.00013995842545931017,,2.0,NZDCAD,GBPCHF
8,2026-01-01 00:00:00+02:00,2026-04-01 00:00:00+03:00,-0.23104900661209005,0.26683880787982955,0.0025560592768838052,,1.0,NZDCAD,GBPCHF
0,2024-01-01 00:00:00+02:00,2024-04-01 00:00:00+03:00,0.2692209531891462,-0.8083495897335374,0.008036468149813325,,1.0,NZDCAD,EURNZD
1,2024-04-01 00:00:00+03:00,2024-07-01 00:00:00+03:00,0.27783387127260606,-0.8227865375839417,0.014143313565426726,,1.0,NZDCAD,EURNZD
2,2024-07-01 00:00:00+03:00,2024-10-01 00:00:00+03:00,0.3165546973312156,-0.8873359928662959,0.011856509430598147,,2.0,NZDCAD,EURNZD
3,2024-10-01 00:00:00+03:00,2025-01-01 00:00:00+02:00,0.15526648648114916,-0.5969025840864148,0.08699036931549814,,1.0,NZDCAD,EURNZD
4,2025-01-01 00:00:00+02:00,2025-04-01 00:00:00+03:00,0.12324410153193473,-0.5358060451734549,0.022066702830556312,,6.0,NZDCAD,EURNZD
5,2025-04-01 00:00:00+03:00,2025-07-01 00:00:00+03:00,0.092491210368148,-0.47963310594877573,0.004741583981769442,,1.0,NZDCAD,EURNZD
6,2025-07-01 00:00:00+03:00,2025-10-01 00:00:00+03:00,-0.035483288897553554,-0.2590661465701738,0.007706254471362288,,2.0,NZDCAD,EURNZD
7,2025-10-01 00:00:00+03:00,2026-01-01 00:00:00+02:00,-0.11612156128604297,-0.1304285601147933,0.00019461489754100123,,2.0,NZDCAD,EURNZD
8,2026-01-01 00:00:00+02:00,2026-04-01 00:00:00+03:00,-0.0717519275103113,-0.20428470416555805,0.0024023787254199994,,1.0,NZDCAD,EURNZD
0,2024-01-01 00:00:00+02:00,2024-04-01 00:00:00+03:00,0.04083212230403201,0.4437426636409057,0.011613712203071171,,1.0,NZDCAD,AUDCHF
1,2024-04-01 00:00:00+03:00,2024-07-01 00:00:00+03:00,-0.042176750086500375,0.284633632869478,0.02521425783969128,,1.0,NZDCAD,AUDCHF
2,2024-07-01 00:00:00+03:00,2024-10-01 00:00:00+03:00,-0.033583843235925726,0.3010876005943412,0.01667045759812804,,1.0,NZDCAD,AUDCHF
3,2024-10-01 00:00:00+03:00,2025-01-01 00:00:00+02:00,-0.13563447972978385,0.10040389937972287,0.08360504978541566,,2.0,NZDCAD,AUDCHF
4,2025-01-01 00:00:00+02:00,2025-04-01 00:00:00+03:00,-0.14688472857015822,0.07593467835843663,0.028753313839794282,,1.0,NZDCAD,AUDCHF
5,2025-04-01 00:00:00+03:00,2025-07-01 00:00:00+03:00,-0.0837738065838204,0.19659839790325787,0.008045574243875692,,1.0,NZDCAD,AUDCHF
6,2025-07-01 00:00:00+03:00,2025-10-01 00:00:00+03:00,-0.12203342107660047,0.12375850483930723,0.006130027970599472,,3.0,NZDCAD,AUDCHF
7,2025-10-01 00:00:00+03:00,2026-01-01 00:00:00+02:00,-0.1515807346024781,0.07809256451425506,0.00024677815934080223,,2.0,NZDCAD,AUDCHF
8,2026-01-01 00:00:00+02:00,2026-04-01 00:00:00+03:00,-0.16742289087073176,0.06355635939071996,0.016695403826213085,,1.0,NZDCAD,AUDCHF
0,2024-01-01 00:00:00+02:00,2024-04-01 00:00:00+03:00,-0.16217233094431763,0.9067605446687743,0.01955417899471668,,1.0,NZDCAD,EURCHF
1,2024-04-01 00:00:00+03:00,2024-07-01 00:00:00+03:00,-0.19091187343507401,0.1263107695073142,0.01682004079182015,,1.0,NZDCAD,EURCHF
2,2024-07-01 00:00:00+03:00,2024-10-01 00:00:00+03:00,-0.1999240760966732,-0.07495427701131736,0.025501152291198374,,2.0,NZDCAD,EURCHF
3,2024-10-01 00:00:00+03:00,2025-01-01 00:00:00+02:00,-0.1979598919518476,-0.18181799863116607,0.04412463585089658,,3.0,NZDCAD,EURCHF
4,2025-01-01 00:00:00+02:00,2025-04-01 00:00:00+03:00,-0.19239007617953904,-0.08707667337562504,0.03421795973516336,,1.0,NZDCAD,EURCHF
5,2025-04-01 00:00:00+03:00,2025-07-01 00:00:00+03:00,-0.18848759987535807,0.06095132145479286,0.01334061162122968,,0.0,NZDCAD,EURCHF
6,2025-07-01 00:00:00+03:00,2025-10-01 00:00:00+03:00,-0.18311843460129668,0.17564105046887693,0.004932930284828054,,3.0,NZDCAD,EURCHF
7,2025-10-01 00:00:00+03:00,2026-01-01 00:00:00+02:00,-0.19348336421043527,0.0825133855036388,0.0001623342809167489,,2.0,NZDCAD,EURCHF
8,2026-01-01 00:00:00+02:00,2026-04-01 00:00:00+03:00,-0.16365321285241227,0.666904196752528,0.004831015569234993,,4.0,NZDCAD,EURCHF
0,2024-01-01 00:00:00+02:00,2024-04-01 00:00:00+03:00,0.10107080998097738,0.1226218221086317,0.21262848854927008,adf_gate,,GBPCHF,EURUSD
1,2024-04-01 00:00:00+03:00,2024-07-01 00:00:00+03:00,0.09720614807952073,0.1230891568909357,0.07849718952813371,,2.0,GBPCHF,EURUSD
2,2024-07-01 00:00:00+03:00,2024-10-01 00:00:00+03:00,0.1136187510488837,-0.035409661227820605,0.11116385590564615,adf_gate,,GBPCHF,EURUSD
3,2024-10-01 00:00:00+03:00,2025-01-01 00:00:00+02:00,0.11786891288327266,-0.0659498950691814,0.09952712469085512,,2.0,GBPCHF,EURUSD
4,2025-01-01 00:00:00+02:00,2025-04-01 00:00:00+03:00,0.13238184328040178,-0.18585652640532271,0.0023446978202249875,,2.0,GBPCHF,EURUSD
5,2025-04-01 00:00:00+03:00,2025-07-01 00:00:00+03:00,0.12315319604232612,-0.003530536826061731,0.005464432702876452,,0.0,GBPCHF,EURUSD
6,2025-07-01 00:00:00+03:00,2025-10-01 00:00:00+03:00,0.13420549621669262,-0.23673887480704386,0.002472588744485479,,2.0,GBPCHF,EURUSD
7,2025-10-01 00:00:00+03:00,2026-01-01 00:00:00+02:00,0.14004899022038345,-0.36605433117901776,0.0033584540003075347,,1.0,GBPCHF,EURUSD
8,2026-01-01 00:00:00+02:00,2026-04-01 00:00:00+03:00,0.14560527044862506,-0.46251425265296287,0.019414317797009303,,1.0,GBPCHF,EURUSD
0,2024-01-01 00:00:00+02:00,2024-04-01 00:00:00+03:00,-0.27262784698146164,0.22309197452461257,0.03409365995706981,,1.0,NZDCAD,EURCAD
1,2024-04-01 00:00:00+03:00,2024-07-01 00:00:00+03:00,-0.45332849459385866,0.6770836510830125,0.006143434044411039,,1.0,NZDCAD,EURCAD
2,2024-07-01 00:00:00+03:00,2024-10-01 00:00:00+03:00,-0.4907106666150343,0.7694621004023379,0.01913277587339663,,2.0,NZDCAD,EURCAD
3,2024-10-01 00:00:00+03:00,2025-01-01 00:00:00+02:00,-0.39921431901635746,0.5384150774876325,0.029339628364459514,,1.0,NZDCAD,EURCAD
4,2025-01-01 00:00:00+02:00,2025-04-01 00:00:00+03:00,-0.33593261227282595,0.3758644992212486,0.04106644804338258,,2.0,NZDCAD,EURCAD
5,2025-04-01 00:00:00+03:00,2025-07-01 00:00:00+03:00,-0.23814260586676544,0.11636482878448186,0.02426104421260295,,0.0,NZDCAD,EURCAD
6,2025-07-01 00:00:00+03:00,2025-10-01 00:00:00+03:00,-0.18245342368749204,-0.02658991963681317,0.0038948628147925913,,3.0,NZDCAD,EURCAD
7,2025-10-01 00:00:00+03:00,2026-01-01 00:00:00+02:00,-0.18446045299955696,-0.03284295705296684,0.00012508011761574184,,2.0,NZDCAD,EURCAD
8,2026-01-01 00:00:00+02:00,2026-04-01 00:00:00+03:00,-0.16503988824287952,-0.09245620049379144,0.0065667567290968645,,1.0,NZDCAD,EURCAD
0,2024-01-01 00:00:00+02:00,2024-04-01 00:00:00+03:00,0.08969795996907877,-0.24793903527935165,0.012107455184943446,,2.0,GBPUSD,AUDCHF
1,2024-04-01 00:00:00+03:00,2024-07-01 00:00:00+03:00,0.22451613840887544,-0.007202217854890791,0.014353213819294677,,0.0,GBPUSD,AUDCHF
2,2024-07-01 00:00:00+03:00,2024-10-01 00:00:00+03:00,0.3112099124285299,0.14894681151825495,0.034729348711117235,,1.0,GBPUSD,AUDCHF
3,2024-10-01 00:00:00+03:00,2025-01-01 00:00:00+02:00,0.24361958027679378,0.012030809644767989,0.2374319028900032,adf_gate,,GBPUSD,AUDCHF
4,2025-01-01 00:00:00+02:00,2025-04-01 00:00:00+03:00,0.18444281557638142,-0.11193181297734975,0.0668480479909346,,1.0,GBPUSD,AUDCHF
5,2025-04-01 00:00:00+03:00,2025-07-01 00:00:00+03:00,0.23100334483094656,-0.02297383376992684,0.0843469001632619,,1.0,GBPUSD,AUDCHF
6,2025-07-01 00:00:00+03:00,2025-10-01 00:00:00+03:00,0.0619251572756122,-0.3389000768338858,0.09654708228261916,,1.0,GBPUSD,AUDCHF
7,2025-10-01 00:00:00+03:00,2026-01-01 00:00:00+02:00,-0.10431865356403079,-0.6150783059116055,0.0004893439924052267,,1.0,GBPUSD,AUDCHF
8,2026-01-01 00:00:00+02:00,2026-04-01 00:00:00+03:00,-0.20822065912011378,-0.7741438619562973,0.0004030309961746076,,1.0,GBPUSD,AUDCHF
0,2024-01-01 00:00:00+02:00,2024-04-01 00:00:00+03:00,1.473233759494457,-0.3218908483067668,0.0013510913443676722,,2.0,NZDCAD,GBPJPY
1,2024-04-01 00:00:00+03:00,2024-07-01 00:00:00+03:00,0.6608074197363232,-0.16472569897404502,0.010870101912332264,,1.0,NZDCAD,GBPJPY
2,2024-07-01 00:00:00+03:00,2024-10-01 00:00:00+03:00,-1.288788819720045,0.20858610694465926,0.009821573944848443,,2.0,NZDCAD,GBPJPY
3,2024-10-01 00:00:00+03:00,2025-01-01 00:00:00+02:00,-0.7932088057677658,0.11490549799332905,0.05220063677852984,,2.0,NZDCAD,GBPJPY
4,2025-01-01 00:00:00+02:00,2025-04-01 00:00:00+03:00,-0.42958316196259017,0.04585632527238628,0.028378661128150535,,1.0,NZDCAD,GBPJPY
5,2025-04-01 00:00:00+03:00,2025-07-01 00:00:00+03:00,-0.8886709015988724,0.13228969497819867,0.01153688642278222,,0.0,NZDCAD,GBPJPY
6,2025-07-01 00:00:00+03:00,2025-10-01 00:00:00+03:00,-0.5323594672712497,0.06435169939778411,0.004148692880377699,,3.0,NZDCAD,GBPJPY
7,2025-10-01 00:00:00+03:00,2026-01-01 00:00:00+02:00,-0.4679631409555573,0.05106917891425244,0.00013934861453520955,,2.0,NZDCAD,GBPJPY
8,2026-01-01 00:00:00+02:00,2026-04-01 00:00:00+03:00,1.07772746913963,-0.24318538160650127,0.000268399413941684,,1.0,NZDCAD,GBPJPY
0,2024-01-01 00:00:00+02:00,2024-04-01 00:00:00+03:00,-0.15964634360836072,0.6372303338644535,0.040744958324886116,,1.0,AUDCAD,AUDNZD
1,2024-04-01 00:00:00+03:00,2024-07-01 00:00:00+03:00,-0.12161453830681382,0.019606722018130535,0.006535357372613726,,1.0,AUDCAD,AUDNZD
2,2024-07-01 00:00:00+03:00,2024-10-01 00:00:00+03:00,-0.1533611477525533,0.4426044808205989,0.04191204127922459,,2.0,AUDCAD,AUDNZD
3,2024-10-01 00:00:00+03:00,2025-01-01 00:00:00+02:00,-0.17899642503539906,0.8658110865876668,0.08673829553265044,,2.0,AUDCAD,AUDNZD
4,2025-01-01 00:00:00+02:00,2025-04-01 00:00:00+03:00,-0.16993516261163427,0.7909286017957582,0.03400289069943792,,1.0,AUDCAD,AUDNZD
5,2025-04-01 00:00:00+03:00,2025-07-01 00:00:00+03:00,-0.0936821461169183,-0.042118688959603114,0.0015991050568850342,,0.0,AUDCAD,AUDNZD
6,2025-07-01 00:00:00+03:00,2025-10-01 00:00:00+03:00,-0.1671291208578713,0.7134767017463854,0.004788643402862188,,3.0,AUDCAD,AUDNZD
7,2025-10-01 00:00:00+03:00,2026-01-01 00:00:00+02:00,-0.1730272789200293,0.7259294956965132,5.965755674327282e-05,,1.0,AUDCAD,AUDNZD
8,2026-01-01 00:00:00+02:00,2026-04-01 00:00:00+03:00,-0.15812590179280092,0.5227846661151065,5.928397917221961e-06,,1.0,AUDCAD,AUDNZD
0,2024-01-01 00:00:00+02:00,2024-04-01 00:00:00+03:00,-0.14783745518258729,0.3779160924994753,0.019722814357687576,,1.0,NZDCAD,USDCHF
1,2024-04-01 00:00:00+03:00,2024-07-01 00:00:00+03:00,-0.22642515361850038,-0.25115941968736266,0.007949067603196455,,1.0,NZDCAD,USDCHF
2,2024-07-01 00:00:00+03:00,2024-10-01 00:00:00+03:00,-0.22670350676770645,-0.24971259038642804,0.0351815920036782,,2.0,NZDCAD,USDCHF
3,2024-10-01 00:00:00+03:00,2025-01-01 00:00:00+02:00,-0.22676433400619042,-0.2952250857730212,0.06134019362248019,,2.0,NZDCAD,USDCHF
4,2025-01-01 00:00:00+02:00,2025-04-01 00:00:00+03:00,-0.22139518167628086,-0.26070740908699824,0.011959941478150571,,2.0,NZDCAD,USDCHF
5,2025-04-01 00:00:00+03:00,2025-07-01 00:00:00+03:00,-0.23684154429046958,-0.37562932953634537,0.007785999246133171,,0.0,NZDCAD,USDCHF
6,2025-07-01 00:00:00+03:00,2025-10-01 00:00:00+03:00,-0.2135502485239785,-0.13956224127705752,0.002291339445541274,,3.0,NZDCAD,USDCHF
7,2025-10-01 00:00:00+03:00,2026-01-01 00:00:00+02:00,-0.20278460156584557,-0.02469116446327223,0.0001752475446719581,,1.0,NZDCAD,USDCHF
8,2026-01-01 00:00:00+02:00,2026-04-01 00:00:00+03:00,-0.20046374522402885,0.036035484034276685,0.010005117555261952,,1.0,NZDCAD,USDCHF
0,2024-01-01 00:00:00+02:00,2024-04-01 00:00:00+03:00,0.13323832836429322,-0.6597360838493976,0.006008042092188504,,3.0,NZDCAD,EURAUD
1,2024-04-01 00:00:00+03:00,2024-07-01 00:00:00+03:00,0.12423186945418452,-0.6402855035211831,0.013814719509379767,,1.0,NZDCAD,EURAUD
2,2024-07-01 00:00:00+03:00,2024-10-01 00:00:00+03:00,0.2698763603642812,-0.9319966548835568,0.0011443021656228416,,1.0,NZDCAD,EURAUD
3,2024-10-01 00:00:00+03:00,2025-01-01 00:00:00+02:00,0.18206220828503175,-0.7480764360305151,0.0148078383366784,,1.0,NZDCAD,EURAUD
4,2025-01-01 00:00:00+02:00,2025-04-01 00:00:00+03:00,0.0928176967797025,-0.568158621225062,0.010437536401650757,,3.0,NZDCAD,EURAUD
5,2025-04-01 00:00:00+03:00,2025-07-01 00:00:00+03:00,0.005402037655709516,-0.39517965369450875,0.010007271649908646,,0.0,NZDCAD,EURAUD
6,2025-07-01 00:00:00+03:00,2025-10-01 00:00:00+03:00,-0.12139076548928053,-0.13920181751779984,0.005531929723404706,,3.0,NZDCAD,EURAUD
7,2025-10-01 00:00:00+03:00,2026-01-01 00:00:00+02:00,-0.15449466984421883,-0.08194067411390513,0.00022573692202937376,,2.0,NZDCAD,EURAUD
8,2026-01-01 00:00:00+02:00,2026-04-01 00:00:00+03:00,-0.19181720545978007,-0.02744978793789503,0.016445908037911787,,1.0,NZDCAD,EURAUD
0,2024-01-01 00:00:00+02:00,2024-04-01 00:00:00+03:00,0.23546778267883448,-0.6006587572195555,0.003357285390765439,,2.0,NZDCAD,GBPNZD
1,2024-04-01 00:00:00+03:00,2024-07-01 00:00:00+03:00,0.30125334862682535,-0.6875909395769619,0.012702235530609786,,1.0,NZDCAD,GBPNZD
2,2024-07-01 00:00:00+03:00,2024-10-01 00:00:00+03:00,0.2892354009684113,-0.6651964451292804,0.05665953417376725,,2.0,NZDCAD,GBPNZD
3,2024-10-01 00:00:00+03:00,2025-01-01 00:00:00+02:00,-0.12789318717142106,-0.0845018269378417,0.10065676325500089,adf_gate,,NZDCAD,GBPNZD
4,2025-01-01 00:00:00+02:00,2025-04-01 00:00:00+03:00,-0.06352970488440346,-0.16667703942173698,0.027206294192499193,,1.0,NZDCAD,GBPNZD
5,2025-04-01 00:00:00+03:00,2025-07-01 00:00:00+03:00,0.045312779823394475,-0.30973572221700374,0.003901463940304051,,0.0,NZDCAD,GBPNZD
6,2025-07-01 00:00:00+03:00,2025-10-01 00:00:00+03:00,0.06775435632209303,-0.33339546921104524,0.00389623240463632,,2.0,NZDCAD,GBPNZD
7,2025-10-01 00:00:00+03:00,2026-01-01 00:00:00+02:00,0.006740386032509649,-0.25661671374384454,0.0002859875077090677,,1.0,NZDCAD,GBPNZD
8,2026-01-01 00:00:00+02:00,2026-04-01 00:00:00+03:00,0.10199027728161027,-0.3781054094515459,0.00393082929895397,,2.0,NZDCAD,GBPNZD
0,2024-01-01 00:00:00+02:00,2024-04-01 00:00:00+03:00,0.2541629180864792,-1.1092652330204396,0.04529846601372897,,1.0,GBPNZD,CADCHF
1,2024-04-01 00:00:00+03:00,2024-07-01 00:00:00+03:00,0.6169615878716695,-0.25262609317180673,0.0156705630316801,,1.0,GBPNZD,CADCHF
2,2024-07-01 00:00:00+03:00,2024-10-01 00:00:00+03:00,0.8057313046492987,0.17721433841470824,0.005045507493631318,,1.0,GBPNZD,CADCHF
3,2024-10-01 00:00:00+03:00,2025-01-01 00:00:00+02:00,0.6348889488817488,-0.2310528565124884,0.03036543258625803,,2.0,GBPNZD,CADCHF
4,2025-01-01 00:00:00+02:00,2025-04-01 00:00:00+03:00,0.5227146187250209,-0.5089017463864483,0.0207025508064242,,2.0,GBPNZD,CADCHF
5,2025-04-01 00:00:00+03:00,2025-07-01 00:00:00+03:00,0.4400534838569097,-0.7204802585288487,0.05046705780796416,,0.0,GBPNZD,CADCHF
6,2025-07-01 00:00:00+03:00,2025-10-01 00:00:00+03:00,0.4714829035421106,-0.6557546937275777,0.012428458773366196,,1.0,GBPNZD,CADCHF
7,2025-10-01 00:00:00+03:00,2026-01-01 00:00:00+02:00,0.5463192459009084,-0.510100510653156,0.00032069194242037927,,3.0,GBPNZD,CADCHF
8,2026-01-01 00:00:00+02:00,2026-04-01 00:00:00+03:00,0.5810710052792479,-0.4538808842744826,0.0013677534914987714,,1.0,GBPNZD,CADCHF
0,2024-01-01 00:00:00+02:00,2024-04-01 00:00:00+03:00,0.09089690633130841,-0.5396052076611528,0.007766379527593066,,2.0,NZDCAD,GBPCAD
1,2024-04-01 00:00:00+03:00,2024-07-01 00:00:00+03:00,-0.34133071294311973,0.2756237109099574,0.015085297066389372,,1.0,NZDCAD,GBPCAD
2,2024-07-01 00:00:00+03:00,2024-10-01 00:00:00+03:00,-0.5578937249504713,0.6760604358665536,0.016510249177737125,,1.0,NZDCAD,GBPCAD
3,2024-10-01 00:00:00+03:00,2025-01-01 00:00:00+02:00,-0.41589585310409527,0.41449788998280235,0.010933254516441846,,2.0,NZDCAD,GBPCAD
4,2025-01-01 00:00:00+02:00,2025-04-01 00:00:00+03:00,-0.2859122179950669,0.17467987081212172,0.04903087218720567,,1.0,NZDCAD,GBPCAD
5,2025-04-01 00:00:00+03:00,2025-07-01 00:00:00+03:00,-0.20179379754057777,0.017945988065585602,0.015921165025879837,,0.0,NZDCAD,GBPCAD
6,2025-07-01 00:00:00+03:00,2025-10-01 00:00:00+03:00,-0.1628328193485741,-0.05200452206868514,0.003574388420259238,,3.0,NZDCAD,GBPCAD
7,2025-10-01 00:00:00+03:00,2026-01-01 00:00:00+02:00,-0.21220268501962528,0.022351243502628973,0.00016181318076441233,,1.0,NZDCAD,GBPCAD
8,2026-01-01 00:00:00+02:00,2026-04-01 00:00:00+03:00,-0.29872178420412226,0.1498640505603098,0.028485170141666627,,1.0,NZDCAD,GBPCAD
0,2024-01-01 00:00:00+02:00,2024-04-01 00:00:00+03:00,0.04361164758393777,0.3572471538129616,0.018300356248110973,,1.0,GBPUSD,EURAUD
1,2024-04-01 00:00:00+03:00,2024-07-01 00:00:00+03:00,0.33113340523411294,-0.20541164347217716,0.01229243207291534,,0.0,GBPUSD,EURAUD
2,2024-07-01 00:00:00+03:00,2024-10-01 00:00:00+03:00,0.44352043074211756,-0.4254890329431921,0.026372581785629352,,2.0,GBPUSD,EURAUD
3,2024-10-01 00:00:00+03:00,2025-01-01 00:00:00+02:00,0.6063070904630526,-0.7423460890213328,0.06566606811331643,,1.0,GBPUSD,EURAUD
4,2025-01-01 00:00:00+02:00,2025-04-01 00:00:00+03:00,0.42373089916730383,-0.36088248470991163,0.0695030450382751,,1.0,GBPUSD,EURAUD
5,2025-04-01 00:00:00+03:00,2025-07-01 00:00:00+03:00,0.3042549563420457,-0.12174449323754859,0.105814670900028,adf_gate,,GBPUSD,EURAUD
6,2025-07-01 00:00:00+03:00,2025-10-01 00:00:00+03:00,0.04650064138154954,0.4075563564489421,0.11369268369414953,adf_gate,,GBPUSD,EURAUD
7,2025-10-01 00:00:00+03:00,2026-01-01 00:00:00+02:00,-0.07466019081547906,0.6329659772291066,0.000844380058512132,,2.0,GBPUSD,EURAUD
8,2026-01-01 00:00:00+02:00,2026-04-01 00:00:00+03:00,-0.25298300283434316,0.9444626038199215,0.0003541192281018493,,1.0,GBPUSD,EURAUD
0,2024-01-01 00:00:00+02:00,2024-04-01 00:00:00+03:00,-0.019757052904715498,-0.6839954342856871,0.10823703153386965,adf_gate,,CADCHF,EURNZD
1,2024-04-01 00:00:00+03:00,2024-07-01 00:00:00+03:00,-0.2864594894502399,-0.232434323246168,0.03795101000625272,,1.0,CADCHF,EURNZD
2,2024-07-01 00:00:00+03:00,2024-10-01 00:00:00+03:00,-0.5339629491587714,0.19121405380500606,0.006825197301782477,,7.0,CADCHF,EURNZD
3,2024-10-01 00:00:00+03:00,2025-01-01 00:00:00+02:00,-0.3440598974424109,-0.15302288451284415,0.135650926773713,adf_gate,,CADCHF,EURNZD
4,2025-01-01 00:00:00+02:00,2025-04-01 00:00:00+03:00,-0.09767534515864988,-0.5925221420396174,0.08640930633936911,,3.0,CADCHF,EURNZD
5,2025-04-01 00:00:00+03:00,2025-07-01 00:00:00+03:00,-0.01123224263635573,-0.741757347263792,0.01837278189096341,,0.0,CADCHF,EURNZD
6,2025-07-01 00:00:00+03:00,2025-10-01 00:00:00+03:00,0.024100082718988818,-0.8199721005250131,0.010829674806387142,,2.0,CADCHF,EURNZD
7,2025-10-01 00:00:00+03:00,2026-01-01 00:00:00+02:00,0.06607497728140949,-0.8916760001282645,0.0009544714926128764,,2.0,CADCHF,EURNZD
8,2026-01-01 00:00:00+02:00,2026-04-01 00:00:00+03:00,0.09720675039879759,-0.9330277279104999,0.0020518360173829055,,2.0,CADCHF,EURNZD
0,2024-01-01 00:00:00+02:00,2024-04-01 00:00:00+03:00,-0.26677971961172087,1.0208419643268907,0.014539331915866063,,0.0,AUDUSD,EURGBP
1,2024-04-01 00:00:00+03:00,2024-07-01 00:00:00+03:00,-0.402871499478965,0.11014529580708332,0.013023376848883559,,1.0,AUDUSD,EURGBP
2,2024-07-01 00:00:00+03:00,2024-10-01 00:00:00+03:00,-0.5331300556506201,-0.726228547525154,0.006410394026352533,,3.0,AUDUSD,EURGBP
3,2024-10-01 00:00:00+03:00,2025-01-01 00:00:00+02:00,-0.5821349900698878,-1.0565396379272178,0.003462950794684067,,1.0,AUDUSD,EURGBP
4,2025-01-01 00:00:00+02:00,2025-04-01 00:00:00+03:00,-0.3871329974244259,0.17245688727498074,0.1441658861405944,adf_gate,,AUDUSD,EURGBP
5,2025-04-01 00:00:00+03:00,2025-07-01 00:00:00+03:00,-0.2736306461008537,0.8903602950673066,0.13244551413385036,adf_gate,,AUDUSD,EURGBP
6,2025-07-01 00:00:00+03:00,2025-10-01 00:00:00+03:00,-0.3828239228640902,0.2963016380116062,0.07619779334778445,,2.0,AUDUSD,EURGBP
7,2025-10-01 00:00:00+03:00,2026-01-01 00:00:00+02:00,-0.3698330444811372,0.42077182208335845,0.0007116891966236762,,3.0,AUDUSD,EURGBP
8,2026-01-01 00:00:00+02:00,2026-04-01 00:00:00+03:00,-0.3090163538879905,0.8392325148758856,0.00032667923421171493,,1.0,AUDUSD,EURGBP
0,2024-01-01 00:00:00+02:00,2024-04-01 00:00:00+03:00,0.13379214020878563,0.21597110759559668,0.029052187454616876,,1.0,GBPCHF,USDCHF
1,2024-04-01 00:00:00+03:00,2024-07-01 00:00:00+03:00,0.15378991988875243,0.38434129265802197,0.050449614513796905,,1.0,GBPCHF,USDCHF
2,2024-07-01 00:00:00+03:00,2024-10-01 00:00:00+03:00,0.17559022568195246,0.5412094409518068,0.03770797806587524,,2.0,GBPCHF,USDCHF
3,2024-10-01 00:00:00+03:00,2025-01-01 00:00:00+02:00,0.16676182441035464,0.43520417941921796,0.14800465238662902,adf_gate,,GBPCHF,USDCHF
4,2025-01-01 00:00:00+02:00,2025-04-01 00:00:00+03:00,0.17931975119201385,0.48285517422258256,0.0024412042330471577,,1.0,GBPCHF,USDCHF
5,2025-04-01 00:00:00+03:00,2025-07-01 00:00:00+03:00,0.1559203369441877,0.27357617457823596,0.0027129032751335006,,0.0,GBPCHF,USDCHF
6,2025-07-01 00:00:00+03:00,2025-10-01 00:00:00+03:00,0.1569541151888755,0.2973808483156616,0.0022334336063987888,,1.0,GBPCHF,USDCHF
7,2025-10-01 00:00:00+03:00,2026-01-01 00:00:00+02:00,0.1636488230877107,0.36754329876608216,0.003640845049727636,,1.0,GBPCHF,USDCHF
8,2026-01-01 00:00:00+02:00,2026-04-01 00:00:00+03:00,0.17217200946836098,0.44293575224423537,0.020952303488416993,,1.0,GBPCHF,USDCHF
0,2024-01-01 00:00:00+02:00,2024-04-01 00:00:00+03:00,0.133729333086987,-0.7842795645702685,0.028422275103364057,,1.0,GBPUSD,USDCHF
1,2024-04-01 00:00:00+03:00,2024-07-01 00:00:00+03:00,0.15371116321161551,-0.6160691551868008,0.036381595295558525,,1.0,GBPUSD,USDCHF
2,2024-07-01 00:00:00+03:00,2024-10-01 00:00:00+03:00,0.17556522165851937,-0.4588132026099515,0.03818978872889894,,2.0,GBPUSD,USDCHF
3,2024-10-01 00:00:00+03:00,2025-01-01 00:00:00+02:00,0.16671297905269616,-0.5650934171596887,0.1498503331681108,adf_gate,,GBPUSD,USDCHF
4,2025-01-01 00:00:00+02:00,2025-04-01 00:00:00+03:00,0.1793029652988335,-0.5172603489255243,0.002458000852823544,,1.0,GBPUSD,USDCHF
5,2025-04-01 00:00:00+03:00,2025-07-01 00:00:00+03:00,0.15589558278204965,-0.7266238750799991,0.0027590270831860633,,0.0,GBPUSD,USDCHF
6,2025-07-01 00:00:00+03:00,2025-10-01 00:00:00+03:00,0.15697767030854792,-0.7024233228659127,0.002228596371107363,,1.0,GBPUSD,USDCHF
7,2025-10-01 00:00:00+03:00,2026-01-01 00:00:00+02:00,0.16367705237059701,-0.6322043650305624,0.0027211360495149224,,1.0,GBPUSD,USDCHF
8,2026-01-01 00:00:00+02:00,2026-04-01 00:00:00+03:00,0.17218664244191645,-0.5568624691522687,0.021009570502985197,,1.0,GBPUSD,USDCHF
0,2024-01-01 00:00:00+02:00,2024-04-01 00:00:00+03:00,0.14066400549144864,-0.5247506616737047,0.003605636220129618,,2.0,NZDCAD,GBPAUD
1,2024-04-01 00:00:00+03:00,2024-07-01 00:00:00+03:00,0.16039182904168306,-0.5504632010628178,0.009800865394212802,,1.0,NZDCAD,GBPAUD
2,2024-07-01 00:00:00+03:00,2024-10-01 00:00:00+03:00,0.18457505229927926,-0.5841629346166873,0.016328240412668484,,1.0,NZDCAD,GBPAUD
3,2024-10-01 00:00:00+03:00,2025-01-01 00:00:00+02:00,-0.15954580824095224,-0.046564005637877666,0.08127235429070362,,2.0,NZDCAD,GBPAUD
4,2025-01-01 00:00:00+02:00,2025-04-01 00:00:00+03:00,-0.04561241562236036,-0.21562936390726312,0.021684966209510423,,1.0,NZDCAD,GBPAUD
5,2025-04-01 00:00:00+03:00,2025-07-01 00:00:00+03:00,0.000600071941200294,-0.28640473547651296,0.006749420007852805,,0.0,NZDCAD,GBPAUD
6,2025-07-01 00:00:00+03:00,2025-10-01 00:00:00+03:00,-0.06023203323656326,-0.19265850309525476,0.004640923482497228,,3.0,NZDCAD,GBPAUD
7,2025-10-01 00:00:00+03:00,2026-01-01 00:00:00+02:00,-0.11382499788462655,-0.12006163166144512,0.0003250789747139236,,1.0,NZDCAD,GBPAUD
8,2026-01-01 00:00:00+02:00,2026-04-01 00:00:00+03:00,-0.43335981193304085,0.3162697132444913,0.001063419197261636,,1.0,NZDCAD,GBPAUD
0,2024-01-01 00:00:00+02:00,2024-04-01 00:00:00+03:00,0.006275235152732895,-0.5196707525293204,0.013451134399021509,,2.0,GBPUSD,CADCHF
1,2024-04-01 00:00:00+03:00,2024-07-01 00:00:00+03:00,0.1128504936016665,-0.27493446871679006,0.01943919695522663,,1.0,GBPUSD,CADCHF
2,2024-07-01 00:00:00+03:00,2024-10-01 00:00:00+03:00,0.08481403824857303,-0.34402822568686076,0.018678199969603525,,3.0,GBPUSD,CADCHF
3,2024-10-01 00:00:00+03:00,2025-01-01 00:00:00+02:00,-0.047614693920542545,-0.6582089684462964,0.04733849093646818,,1.0,GBPUSD,CADCHF
4,2025-01-01 00:00:00+02:00,2025-04-01 00:00:00+03:00,0.0656403456586439,-0.40636909348584216,0.03657645783869407,,2.0,GBPUSD,CADCHF
5,2025-04-01 00:00:00+03:00,2025-07-01 00:00:00+03:00,0.11114475267242153,-0.2940427844622166,0.05057578844195021,,1.0,GBPUSD,CADCHF
6,2025-07-01 00:00:00+03:00,2025-10-01 00:00:00+03:00,-0.050199113775824505,-0.6466930321464169,0.05504042106150706,,2.0,GBPUSD,CADCHF
7,2025-10-01 00:00:00+03:00,2026-01-01 00:00:00+02:00,-0.14597537305730626,-0.8282834305816285,0.0015360403384300978,,1.0,GBPUSD,CADCHF
8,2026-01-01 00:00:00+02:00,2026-04-01 00:00:00+03:00,-0.08513743098409576,-0.693130897598854,0.026377077072259118,,2.0,GBPUSD,CADCHF
0,2024-01-01 00:00:00+02:00,2024-04-01 00:00:00+03:00,0.06189177297984186,-0.26185425248050903,0.014148423276795337,,1.0,GBPUSD,NZDCHF
1,2024-04-01 00:00:00+03:00,2024-07-01 00:00:00+03:00,0.21950064419466683,-0.01445465767883604,0.014454371006169048,,0.0,GBPUSD,NZDCHF
2,2024-07-01 00:00:00+03:00,2024-10-01 00:00:00+03:00,0.37300640861449463,0.22988792463034555,0.03238132242965611,,1.0,GBPUSD,NZDCHF
3,2024-10-01 00:00:00+03:00,2025-01-01 00:00:00+02:00,0.1350032973994491,-0.16402100530503816,0.2053680258841778,adf_gate,,GBPUSD,NZDCHF
4,2025-01-01 00:00:00+02:00,2025-04-01 00:00:00+03:00,0.14420343967727503,-0.16038850526704626,0.06871666694638603,,1.0,GBPUSD,NZDCHF
5,2025-04-01 00:00:00+03:00,2025-07-01 00:00:00+03:00,0.2658385599295276,0.03465729906588405,0.0945942420178068,,0.0,GBPUSD,NZDCHF
6,2025-07-01 00:00:00+03:00,2025-10-01 00:00:00+03:00,0.06481337050822078,-0.2880837398429325,0.1771436937942707,adf_gate,,GBPUSD,NZDCHF
7,2025-10-01 00:00:00+03:00,2026-01-01 00:00:00+02:00,-0.16890428055329748,-0.6251928662050895,0.0009219356903512029,,1.0,GBPUSD,NZDCHF
8,2026-01-01 00:00:00+02:00,2026-04-01 00:00:00+03:00,-0.06211500112090001,-0.464450358383262,0.032442785419661176,,2.0,GBPUSD,NZDCHF
0,2024-01-01 00:00:00+02:00,2024-04-01 00:00:00+03:00,-0.1271615677357137,-0.2808682918805739,0.01709907937075168,,1.0,NZDCAD,GBPUSD
1,2024-04-01 00:00:00+03:00,2024-07-01 00:00:00+03:00,-0.26147478170686056,0.2867764777955442,0.013093405721383289,,1.0,NZDCAD,GBPUSD
2,2024-07-01 00:00:00+03:00,2024-10-01 00:00:00+03:00,-0.3174137621483119,0.5232447986651876,0.01648320231039998,,2.0,NZDCAD,GBPUSD
3,2024-10-01 00:00:00+03:00,2025-01-01 00:00:00+02:00,-0.30542544303213137,0.4868580929172682,0.0035465037995416537,,3.0,NZDCAD,GBPUSD
4,2025-01-01 00:00:00+02:00,2025-04-01 00:00:00+03:00,-0.31269301578724173,0.5077925337764401,0.0024052786144367136,,4.0,NZDCAD,GBPUSD
5,2025-04-01 00:00:00+03:00,2025-07-01 00:00:00+03:00,-0.32363325976372104,0.5424090176357177,0.0018072152961513333,,0.0,NZDCAD,GBPUSD
6,2025-07-01 00:00:00+03:00,2025-10-01 00:00:00+03:00,-0.26139797211354154,0.2633237340982394,0.002301089137110389,,4.0,NZDCAD,GBPUSD
7,2025-10-01 00:00:00+03:00,2026-01-01 00:00:00+02:00,-0.2258918470313954,0.10162298015372714,0.00027618269232189126,,2.0,NZDCAD,GBPUSD
8,2026-01-01 00:00:00+02:00,2026-04-01 00:00:00+03:00,-0.23209316120073478,0.09010402788662908,0.02935617553247215,,1.0,NZDCAD,GBPUSD
0,2024-01-01 00:00:00+02:00,2024-04-01 00:00:00+03:00,0.24952435907319365,-0.39453406553584763,0.10731764165813251,adf_gate,,EURCHF,GBPNZD
1,2024-04-01 00:00:00+03:00,2024-07-01 00:00:00+03:00,0.13350370248170138,-0.24002345629883484,0.053439265336606034,,1.0,EURCHF,GBPNZD
2,2024-07-01 00:00:00+03:00,2024-10-01 00:00:00+03:00,-0.34556450931735727,0.41643771378464717,0.02200963420942697,,1.0,EURCHF,GBPNZD
3,2024-10-01 00:00:00+03:00,2025-01-01 00:00:00+02:00,-0.15761386135559252,0.15482255788215146,0.08758393872130532,,2.0,EURCHF,GBPNZD
4,2025-01-01 00:00:00+02:00,2025-04-01 00:00:00+03:00,0.1864743998969058,-0.31456587936489677,0.014813741736066147,,16.0,EURCHF,GBPNZD
5,2025-04-01 00:00:00+03:00,2025-07-01 00:00:00+03:00,0.22994548043513638,-0.36552385367891915,0.06316683932426621,,0.0,EURCHF,GBPNZD
6,2025-07-01 00:00:00+03:00,2025-10-01 00:00:00+03:00,0.029711913943518086,-0.11357507915061628,0.0042008559873937664,,2.0,EURCHF,GBPNZD
7,2025-10-01 00:00:00+03:00,2026-01-01 00:00:00+02:00,-0.07414788903007724,0.012987067420115595,0.00029758069248671796,,2.0,EURCHF,GBPNZD
8,2026-01-01 00:00:00+02:00,2026-04-01 00:00:00+03:00,0.0990505827915693,-0.20097823356374309,0.0007806555260909589,,1.0,EURCHF,GBPNZD
0,2024-01-01 00:00:00+02:00,2024-04-01 00:00:00+03:00,-0.20879705698137158,0.26191510015964375,0.03161248378963693,,1.0,NZDCAD,EURUSD
1,2024-04-01 00:00:00+03:00,2024-07-01 00:00:00+03:00,-0.2468550762361012,0.6273382553217642,0.006351692679444716,,1.0,NZDCAD,EURUSD
2,2024-07-01 00:00:00+03:00,2024-10-01 00:00:00+03:00,-0.2361233388193143,0.5018259353204821,0.029895068257791084,,1.0,NZDCAD,EURUSD
3,2024-10-01 00:00:00+03:00,2025-01-01 00:00:00+02:00,-0.2450668509658319,0.6827244737734018,0.006828244659771135,,2.0,NZDCAD,EURUSD
4,2025-01-01 00:00:00+02:00,2025-04-01 00:00:00+03:00,-0.22384664975791715,0.4532328413811985,0.004009401789885848,,5.0,NZDCAD,EURUSD
5,2025-04-01 00:00:00+03:00,2025-07-01 00:00:00+03:00,-0.2268109095023344,0.49645150274652566,0.0012540198793237368,,0.0,NZDCAD,EURUSD
6,2025-07-01 00:00:00+03:00,2025-10-01 00:00:00+03:00,-0.20873106769129912,0.18076871832690833,0.002905217153001344,,3.0,NZDCAD,EURUSD
7,2025-10-01 00:00:00+03:00,2026-01-01 00:00:00+02:00,-0.2016887222557658,0.029493236676667475,0.00018770757672643493,,2.0,NZDCAD,EURUSD
8,2026-01-01 00:00:00+02:00,2026-04-01 00:00:00+03:00,-0.20462438384407577,-0.021182753848502153,0.01222845888732678,,1.0,NZDCAD,EURUSD
0,2024-01-01 00:00:00+02:00,2024-04-01 00:00:00+03:00,-0.21152034052047552,-0.5344061589348247,0.017121663662434,,1.0,NZDUSD,GBPCAD
1,2024-04-01 00:00:00+03:00,2024-07-01 00:00:00+03:00,-0.6344402428135661,0.26448283190262584,0.017762898289152267,,0.0,NZDUSD,GBPCAD
2,2024-07-01 00:00:00+03:00,2024-10-01 00:00:00+03:00,-0.779015945574302,0.5215656667847998,0.013357308281301945,,1.0,NZDUSD,GBPCAD
3,2024-10-01 00:00:00+03:00,2025-01-01 00:00:00+02:00,-0.6871611415330933,0.3472240875081082,0.025024570854638512,,1.0,NZDUSD,GBPCAD
4,2025-01-01 00:00:00+02:00,2025-04-01 00:00:00+03:00,-0.32984661874582477,-0.3086287172065465,0.24661501080391474,adf_gate,,NZDUSD,GBPCAD
5,2025-04-01 00:00:00+03:00,2025-07-01 00:00:00+03:00,-0.18346450597296723,-0.5891278689469529,0.1051018439553047,adf_gate,,NZDUSD,GBPCAD
6,2025-07-01 00:00:00+03:00,2025-10-01 00:00:00+03:00,-0.41063542582402596,-0.1957235005720976,0.13625263223199807,adf_gate,,NZDUSD,GBPCAD
7,2025-10-01 00:00:00+03:00,2026-01-01 00:00:00+02:00,-0.8023647526399187,0.4460421448350722,0.0019384773261499318,,1.0,NZDUSD,GBPCAD
8,2026-01-01 00:00:00+02:00,2026-04-01 00:00:00+03:00,-1.0176537086640396,0.7794684076528797,0.012886176999125315,,1.0,NZDUSD,GBPCAD
0,2024-01-01 00:00:00+02:00,2024-04-01 00:00:00+03:00,-0.15991078474698242,-0.361739044213845,0.04132739364148727,,1.0,NZDCAD,AUDNZD
1,2024-04-01 00:00:00+03:00,2024-07-01 00:00:00+03:00,-0.1217599940944649,-0.9806860014616545,0.0062258531196800766,,1.0,NZDCAD,AUDNZD
2,2024-07-01 00:00:00+03:00,2024-10-01 00:00:00+03:00,-0.15351796980476334,-0.5572191777795801,0.0406415126183119,,2.0,NZDCAD,AUDNZD
3,2024-10-01 00:00:00+03:00,2025-01-01 00:00:00+02:00,-0.17919472218698343,-0.1332664436824471,0.08947280928549561,,2.0,NZDCAD,AUDNZD
4,2025-01-01 00:00:00+02:00,2025-04-01 00:00:00+03:00,-0.170079384597139,-0.20871454918819185,0.032353531017247514,,1.0,NZDCAD,AUDNZD
5,2025-04-01 00:00:00+03:00,2025-07-01 00:00:00+03:00,-0.0937793998351784,-1.0422898190002088,0.002016939919782683,,0.0,NZDCAD,AUDNZD
6,2025-07-01 00:00:00+03:00,2025-10-01 00:00:00+03:00,-0.1673311069018471,-0.2856346559350857,0.004302603601995291,,3.0,NZDCAD,AUDNZD
7,2025-10-01 00:00:00+03:00,2026-01-01 00:00:00+02:00,-0.17322125794832438,-0.2733307856964295,5.921448347311068e-05,,1.0,NZDCAD,AUDNZD
8,2026-01-01 00:00:00+02:00,2026-04-01 00:00:00+03:00,-0.15828829883260745,-0.47685790641322523,3.568837498944457e-06,,1.0,NZDCAD,AUDNZD
0,2024-01-01 00:00:00+02:00,2024-04-01 00:00:00+03:00,-0.056368612439190474,-0.6821235769833284,0.017760483416437562,,0.0,AUDUSD,GBPCAD
1,2024-04-01 00:00:00+03:00,2024-07-01 00:00:00+03:00,-0.5229011939413979,0.19681390892341388,0.013551088418008457,,1.0,AUDUSD,GBPCAD
2,2024-07-01 00:00:00+03:00,2024-10-01 00:00:00+03:00,-0.7541463577514479,0.6208446249791265,0.0028284451435175912,,1.0,AUDUSD,GBPCAD
3,2024-10-01 00:00:00+03:00,2025-01-01 00:00:00+02:00,-0.7590208495553317,0.6279556609724068,0.003103387831989597,,2.0,AUDUSD,GBPCAD
4,2025-01-01 00:00:00+02:00,2025-04-01 00:00:00+03:00,-0.45299523696886457,0.06634943847148446,0.17070014964923885,adf_gate,,AUDUSD,GBPCAD
5,2025-04-01 00:00:00+03:00,2025-07-01 00:00:00+03:00,-0.1692991038007812,-0.45002264517026647,0.07825432796168774,,1.0,AUDUSD,GBPCAD
6,2025-07-01 00:00:00+03:00,2025-10-01 00:00:00+03:00,-0.14309324671277573,-0.4932798826230345,0.07602021246615431,,1.0,AUDUSD,GBPCAD
7,2025-10-01 00:00:00+03:00,2026-01-01 00:00:00+02:00,-0.592937178210091,0.2535463220138565,0.0012001560538076588,,1.0,AUDUSD,GBPCAD
8,2026-01-01 00:00:00+02:00,2026-04-01 00:00:00+03:00,-0.9759386356879579,0.8793418428754358,0.004360525758940714,,1.0,AUDUSD,GBPCAD
0,2024-01-01 00:00:00+02:00,2024-04-01 00:00:00+03:00,1.8862535432643754,-0.4574799025517362,0.0037737720716845063,,2.0,NZDCAD,AUDJPY
1,2024-04-01 00:00:00+03:00,2024-07-01 00:00:00+03:00,0.3678380571490996,-0.12381283699330906,0.010924404504642993,,1.0,NZDCAD,AUDJPY
2,2024-07-01 00:00:00+03:00,2024-10-01 00:00:00+03:00,-1.3729011763526133,0.25667151617360656,0.009536706270242609,,2.0,NZDCAD,AUDJPY
3,2024-10-01 00:00:00+03:00,2025-01-01 00:00:00+02:00,-0.7192644872046753,0.11516498064283912,0.07925707962205553,,2.0,NZDCAD,AUDJPY
4,2025-01-01 00:00:00+02:00,2025-04-01 00:00:00+03:00,-0.5343728486301897,0.07520281658858907,0.024040584292840377,,1.0,NZDCAD,AUDJPY
5,2025-04-01 00:00:00+03:00,2025-07-01 00:00:00+03:00,-0.863535935110613,0.14612214005142624,0.007587261015217737,,0.0,NZDCAD,AUDJPY
6,2025-07-01 00:00:00+03:00,2025-10-01 00:00:00+03:00,-0.7432545574460162,0.12020557234968228,0.003696046315435012,,3.0,NZDCAD,AUDJPY
7,2025-10-01 00:00:00+03:00,2026-01-01 00:00:00+02:00,-0.6949868230128194,0.10872412817965062,0.0002718186244357671,,2.0,NZDCAD,AUDJPY
8,2026-01-01 00:00:00+02:00,2026-04-01 00:00:00+03:00,0.8728184708491731,-0.23640433530702928,6.989806644723757e-06,,1.0,NZDCAD,AUDJPY
0,2024-01-01 00:00:00+02:00,2024-04-01 00:00:00+03:00,0.21022336122082416,-0.38131320553828546,0.11411045156808852,adf_gate,,EURCHF,GBPAUD
1,2024-04-01 00:00:00+03:00,2024-07-01 00:00:00+03:00,0.21009451021785094,-0.3864158431035197,0.029108837257491953,,2.0,EURCHF,GBPAUD
2,2024-07-01 00:00:00+03:00,2024-10-01 00:00:00+03:00,-0.08146205839089632,0.06155987603273929,0.053723757420884505,,1.0,EURCHF,GBPAUD
3,2024-10-01 00:00:00+03:00,2025-01-01 00:00:00+02:00,0.10797968919294632,-0.23222785743123603,0.08138225470527238,,4.0,EURCHF,GBPAUD
4,2025-01-01 00:00:00+02:00,2025-04-01 00:00:00+03:00,0.3954966529824228,-0.672007853334217,0.001822913809156699,,13.0,EURCHF,GBPAUD
5,2025-04-01 00:00:00+03:00,2025-07-01 00:00:00+03:00,0.22760029680970903,-0.41316142157792324,0.08187216228270194,,0.0,EURCHF,GBPAUD
6,2025-07-01 00:00:00+03:00,2025-10-01 00:00:00+03:00,0.026520184692819443,-0.12403279395168695,0.003953140360413113,,2.0,EURCHF,GBPAUD
7,2025-10-01 00:00:00+03:00,2026-01-01 00:00:00+02:00,-0.05840340515336691,-0.007557273390234034,0.00032265140636101187,,3.0,EURCHF,GBPAUD
8,2026-01-01 00:00:00+02:00,2026-04-01 00:00:00+03:00,-0.04150560624775042,-0.03326959497274427,0.007988259176111808,,1.0,EURCHF,GBPAUD
0,2024-01-01 00:00:00+02:00,2024-04-01 00:00:00+03:00,0.28470751267252137,-0.6059444967440503,0.07319645890590118,,1.0,EURCHF,GBPCAD
1,2024-04-01 00:00:00+03:00,2024-07-01 00:00:00+03:00,0.1414258717138891,-0.3441427197246094,0.03539860959139252,,2.0,EURCHF,GBPCAD
2,2024-07-01 00:00:00+03:00,2024-10-01 00:00:00+03:00,-0.20882032489464208,0.31372597887412146,0.03001449431350156,,1.0,EURCHF,GBPCAD
3,2024-10-01 00:00:00+03:00,2025-01-01 00:00:00+02:00,-0.03460611536285752,-0.01695115455789882,0.0925299708914809,,1.0,EURCHF,GBPCAD
4,2025-01-01 00:00:00+02:00,2025-04-01 00:00:00+03:00,0.1635450495720376,-0.37925567088544837,0.010083981996635061,,22.0,EURCHF,GBPCAD
5,2025-04-01 00:00:00+03:00,2025-07-01 00:00:00+03:00,0.22435257317585,-0.47777667507806887,0.052209414830747446,,0.0,EURCHF,GBPCAD
6,2025-07-01 00:00:00+03:00,2025-10-01 00:00:00+03:00,0.01247813710488822,-0.12158365548738073,0.003381698184981846,,2.0,EURCHF,GBPCAD
7,2025-10-01 00:00:00+03:00,2026-01-01 00:00:00+02:00,-0.08153118434169372,0.029530933870819297,0.0003284357935694637,,2.0,EURCHF,GBPCAD
8,2026-01-01 00:00:00+02:00,2026-04-01 00:00:00+03:00,-0.006072463440428651,-0.0969766224150834,0.005046958251366619,,1.0,EURCHF,GBPCAD
0,2024-01-01 00:00:00+02:00,2024-04-01 00:00:00+03:00,-0.22824728243586254,-0.9708261789576498,0.11628076825975259,adf_gate,,NZDCHF,EURCAD
1,2024-04-01 00:00:00+03:00,2024-07-01 00:00:00+03:00,-0.5496149833119388,-0.17519989946975603,0.005064953891697985,,1.0,NZDCHF,EURCAD
2,2024-07-01 00:00:00+03:00,2024-10-01 00:00:00+03:00,-0.7025139666766154,0.215776719472242,0.013360001007366567,,5.0,NZDCHF,EURCAD
3,2024-10-01 00:00:00+03:00,2025-01-01 00:00:00+02:00,-0.4371077933826793,-0.4770867227432558,0.021052572756326493,,1.0,NZDCHF,EURCAD
4,2025-01-01 00:00:00+02:00,2025-04-01 00:00:00+03:00,-0.23139407738513282,-1.0140884053540211,0.09773838567186349,,11.0,NZDCHF,EURCAD
5,2025-04-01 00:00:00+03:00,2025-07-01 00:00:00+03:00,-0.17164563670881797,-1.1733191024607967,0.037576510744166985,,0.0,NZDCHF,EURCAD
6,2025-07-01 00:00:00+03:00,2025-10-01 00:00:00+03:00,-0.2128238378991771,-1.0962043763965499,0.0023450206853061744,,3.0,NZDCHF,EURCAD
7,2025-10-01 00:00:00+03:00,2026-01-01 00:00:00+02:00,-0.23846355561537955,-1.0554539915261816,0.00013821853105754252,,1.0,NZDCHF,EURCAD
8,2026-01-01 00:00:00+02:00,2026-04-01 00:00:00+03:00,-0.16709279562377943,-1.2313516912923779,0.004275487924910157,,9.0,NZDCHF,EURCAD
0,2024-01-01 00:00:00+02:00,2024-04-01 00:00:00+03:00,-0.3786587377236321,1.0636595723254858,0.06094934291808355,,1.0,AUDUSD,EURCHF
1,2024-04-01 00:00:00+03:00,2024-07-01 00:00:00+03:00,-0.4076518129570081,0.28586925400483804,0.012618858809671262,,3.0,AUDUSD,EURCHF
2,2024-07-01 00:00:00+03:00,2024-10-01 00:00:00+03:00,-0.42472625623897975,-0.05218883789355264,0.010356345685401879,,3.0,AUDUSD,EURCHF
3,2024-10-01 00:00:00+03:00,2025-01-01 00:00:00+02:00,-0.4262539622894181,-0.21618568922607403,0.04190917118665664,,1.0,AUDUSD,EURCHF
4,2025-01-01 00:00:00+02:00,2025-04-01 00:00:00+03:00,-0.4113534836855449,0.09252924242657731,0.15483293827651579,adf_gate,,AUDUSD,EURCHF
5,2025-04-01 00:00:00+03:00,2025-07-01 00:00:00+03:00,-0.4060319788050519,0.42881262083266436,0.23249802344085335,adf_gate,,AUDUSD,EURCHF
6,2025-07-01 00:00:00+03:00,2025-10-01 00:00:00+03:00,-0.3969671330668611,0.6295998412442828,0.1150225573410158,adf_gate,,AUDUSD,EURCHF
7,2025-10-01 00:00:00+03:00,2026-01-01 00:00:00+02:00,-0.4984934720694327,-0.9134919913004033,0.000629870978865585,,2.0,AUDUSD,EURCHF
8,2026-01-01 00:00:00+02:00,2026-04-01 00:00:00+03:00,-0.5228787309735661,-1.2857651066536977,0.0005818607899521439,,1.0,AUDUSD,EURCHF
0,2024-01-01 00:00:00+02:00,2024-04-01 00:00:00+03:00,-0.1381346002867823,-0.1674488623479072,0.02841681024795071,,1.0,NZDCAD,USDCAD
1,2024-04-01 00:00:00+03:00,2024-07-01 00:00:00+03:00,-0.10904558520332709,-0.29077629603494404,0.012227740057572153,,1.0,NZDCAD,USDCAD
2,2024-07-01 00:00:00+03:00,2024-10-01 00:00:00+03:00,-0.1509167117930428,-0.15123406822261015,0.02499466762130146,,1.0,NZDCAD,USDCAD
3,2024-10-01 00:00:00+03:00,2025-01-01 00:00:00+02:00,-0.03129660478980438,-0.5154019530742004,0.04437417634827468,,2.0,NZDCAD,USDCAD
4,2025-01-01 00:00:00+02:00,2025-04-01 00:00:00+03:00,-0.10858594765192438,-0.2530535517450318,0.009725294178037882,,2.0,NZDCAD,USDCAD
5,2025-04-01 00:00:00+03:00,2025-07-01 00:00:00+03:00,-0.05184562913737418,-0.4236526890032688,0.00015329060939317163,,0.0,NZDCAD,USDCAD
6,2025-07-01 00:00:00+03:00,2025-10-01 00:00:00+03:00,-0.0406289951661916,-0.45965277836191076,4.429270906712042e-05,,4.0,NZDCAD,USDCAD
7,2025-10-01 00:00:00+03:00,2026-01-01 00:00:00+02:00,-0.11145026567394867,-0.2605404221873198,0.0001722929086719791,,2.0,NZDCAD,USDCAD
8,2026-01-01 00:00:00+02:00,2026-04-01 00:00:00+03:00,-0.16257789814551188,-0.133409199497194,0.0222934678452808,,1.0,NZDCAD,USDCAD
0,2024-01-01 00:00:00+02:00,2024-04-01 00:00:00+03:00,1.7341636022333686,-0.4139461500376934,0.0015005345952061283,,2.0,NZDCAD,CADJPY
1,2024-04-01 00:00:00+03:00,2024-07-01 00:00:00+03:00,0.9488265799055977,-0.24494173322874785,0.010874553242939865,,1.0,NZDCAD,CADJPY
2,2024-07-01 00:00:00+03:00,2024-10-01 00:00:00+03:00,-0.9820555821169582,0.16703841915204973,0.009800039930028428,,1.0,NZDCAD,CADJPY
3,2024-10-01 00:00:00+03:00,2025-01-01 00:00:00+02:00,-0.05499710577213233,-0.028693519929112992,0.06961529516072021,,2.0,NZDCAD,CADJPY
4,2025-01-01 00:00:00+02:00,2025-04-01 00:00:00+03:00,0.027508179519414235,-0.04583315644261718,0.037570407368666695,,1.0,NZDCAD,CADJPY
5,2025-04-01 00:00:00+03:00,2025-07-01 00:00:00+03:00,-0.45296971439827244,0.05567047209188749,0.009775506759604173,,0.0,NZDCAD,CADJPY
6,2025-07-01 00:00:00+03:00,2025-10-01 00:00:00+03:00,-0.44438939931521654,0.05366184903972147,0.0035881044642501417,,3.0,NZDCAD,CADJPY
7,2025-10-01 00:00:00+03:00,2026-01-01 00:00:00+02:00,-0.2923185152006138,0.02004011524995338,0.00013538239563173088,,2.0,NZDCAD,CADJPY
8,2026-01-01 00:00:00+02:00,2026-04-01 00:00:00+03:00,1.4501796503461315,-0.35467725355670954,7.95575453434093e-05,,1.0,NZDCAD,CADJPY
0,2024-01-01 00:00:00+02:00,2024-04-01 00:00:00+03:00,0.21434637543855142,-0.1831878891777718,0.141761639681803,adf_gate,,GBPCHF,EURNZD
1,2024-04-01 00:00:00+03:00,2024-07-01 00:00:00+03:00,0.12137346699394407,-0.024630775024848894,0.08476694813701646,,1.0,GBPCHF,EURNZD
2,2024-07-01 00:00:00+03:00,2024-10-01 00:00:00+03:00,0.055755695202862686,0.09521849154804433,0.1160283632396239,adf_gate,,GBPCHF,EURNZD
3,2024-10-01 00:00:00+03:00,2025-01-01 00:00:00+02:00,0.028900954020261972,0.1446161239290065,0.09654056663599753,,1.0,GBPCHF,EURNZD
4,2025-01-01 00:00:00+02:00,2025-04-01 00:00:00+03:00,0.03419182084237619,0.1437647558721546,0.0025733382149277888,,2.0,GBPCHF,EURNZD
5,2025-04-01 00:00:00+03:00,2025-07-01 00:00:00+03:00,0.15248348530654524,-0.04995886270852193,0.006246297307381227,,0.0,GBPCHF,EURNZD
6,2025-07-01 00:00:00+03:00,2025-10-01 00:00:00+03:00,0.2702701607383363,-0.2556517072629193,0.010235678545223708,,1.0,GBPCHF,EURNZD
7,2025-10-01 00:00:00+03:00,2026-01-01 00:00:00+02:00,0.38887269334854063,-0.45050407820647204,0.00869538194337456,,2.0,GBPCHF,EURNZD
8,2026-01-01 00:00:00+02:00,2026-04-01 00:00:00+03:00,0.5142359907120277,-0.6407793348348085,0.0031347427457535182,,1.0,GBPCHF,EURNZD
0,2024-01-01 00:00:00+02:00,2024-04-01 00:00:00+03:00,0.15725850572634162,-0.542406954903961,0.15457612765703238,adf_gate,,USDCHF,EURAUD
1,2024-04-01 00:00:00+03:00,2024-07-01 00:00:00+03:00,-0.1262649926620092,0.010034004227387178,0.021790165583079432,,0.0,USDCHF,EURAUD
2,2024-07-01 00:00:00+03:00,2024-10-01 00:00:00+03:00,-0.1743443414074286,0.10926567358720844,0.09837467830538571,,18.0,USDCHF,EURAUD
3,2024-10-01 00:00:00+03:00,2025-01-01 00:00:00+02:00,-0.15070879695795716,0.05255678770715175,0.1850859303295505,adf_gate,,USDCHF,EURAUD
4,2025-01-01 00:00:00+02:00,2025-04-01 00:00:00+03:00,-0.07632116680014826,-0.10354518785474044,0.07119947489265538,,0.0,USDCHF,EURAUD
5,2025-04-01 00:00:00+03:00,2025-07-01 00:00:00+03:00,-0.15341854695921017,0.06568138145536986,0.13218801652773782,adf_gate,,USDCHF,EURAUD
6,2025-07-01 00:00:00+03:00,2025-10-01 00:00:00+03:00,0.203008390050844,-0.6684491660073293,0.20061852755966142,adf_gate,,USDCHF,EURAUD
7,2025-10-01 00:00:00+03:00,2026-01-01 00:00:00+02:00,0.3936718425077109,-1.0320890253428157,0.009488756046343368,,1.0,USDCHF,EURAUD
8,2026-01-01 00:00:00+02:00,2026-04-01 00:00:00+03:00,0.720055557713547,-1.6184997765687237,0.005505749432763755,,1.0,USDCHF,EURAUD
0,2024-01-01 00:00:00+02:00,2024-04-01 00:00:00+03:00,1.270780232002485,-0.2517729358534053,0.025916583020253084,,1.0,EURCHF,GBPJPY
1,2024-04-01 00:00:00+03:00,2024-07-01 00:00:00+03:00,1.1599670724566986,-0.23072021730874373,0.05270603038503869,,1.0,EURCHF,GBPJPY
2,2024-07-01 00:00:00+03:00,2024-10-01 00:00:00+03:00,-1.1619111953420458,0.21406536380484656,0.029155302678182036,,1.0,EURCHF,GBPJPY
3,2024-10-01 00:00:00+03:00,2025-01-01 00:00:00+02:00,-1.4334361099708186,0.2646986286041379,0.043089112128232326,,0.0,EURCHF,GBPJPY
4,2025-01-01 00:00:00+02:00,2025-04-01 00:00:00+03:00,-1.5535272827958226,0.28581250394965935,0.20376754286474397,adf_gate,,EURCHF,GBPJPY
5,2025-04-01 00:00:00+03:00,2025-07-01 00:00:00+03:00,-1.6998142798835452,0.31314820656983566,0.042384395757500415,,1.0,EURCHF,GBPJPY
6,2025-07-01 00:00:00+03:00,2025-10-01 00:00:00+03:00,-1.4016601525238006,0.2549488538162083,0.008633397661114407,,1.0,EURCHF,GBPJPY
7,2025-10-01 00:00:00+03:00,2026-01-01 00:00:00+02:00,0.2616282731491534,-0.0617218267035267,0.00012721350887894372,,2.0,EURCHF,GBPJPY
8,2026-01-01 00:00:00+02:00,2026-04-01 00:00:00+03:00,0.640086987865367,-0.13350088257006412,0.0007243003084811359,,1.0,EURCHF,GBPJPY
0,2024-01-01 00:00:00+02:00,2024-04-01 00:00:00+03:00,1.758973265684676,-0.39386205148427317,0.002804559676105787,,2.0,NZDCAD,USDJPY
1,2024-04-01 00:00:00+03:00,2024-07-01 00:00:00+03:00,0.942213882763872,-0.22888092408590935,0.011942425633635739,,1.0,NZDCAD,USDJPY
2,2024-07-01 00:00:00+03:00,2024-10-01 00:00:00+03:00,-0.5523376022815196,0.07103644870361106,0.01655746877576292,,2.0,NZDCAD,USDJPY
3,2024-10-01 00:00:00+03:00,2025-01-01 00:00:00+02:00,0.13867077449908477,-0.06556683453550773,0.06420059473576967,,2.0,NZDCAD,USDJPY
4,2025-01-01 00:00:00+02:00,2025-04-01 00:00:00+03:00,0.31136830114528286,-0.09951040748317141,0.027959791230468836,,1.0,NZDCAD,USDJPY
5,2025-04-01 00:00:00+03:00,2025-07-01 00:00:00+03:00,0.5329286678305083,-0.14412720611579377,0.012872718248750074,,0.0,NZDCAD,USDJPY
6,2025-07-01 00:00:00+03:00,2025-10-01 00:00:00+03:00,0.4685935714409799,-0.1322279597755402,0.0018794398016800844,,3.0,NZDCAD,USDJPY
7,2025-10-01 00:00:00+03:00,2026-01-01 00:00:00+02:00,0.36508742148961254,-0.11266500889081324,0.00028835019121416905,,2.0,NZDCAD,USDJPY
8,2026-01-01 00:00:00+02:00,2026-04-01 00:00:00+03:00,1.3896746134978981,-0.3189009603514882,0.0001395442902235109,,1.0,NZDCAD,USDJPY
0,2024-01-01 00:00:00+02:00,2024-04-01 00:00:00+03:00,1.2194984576555943,-0.24714343459128268,0.0027818283680382198,,1.0,EURCHF,CHFJPY
1,2024-04-01 00:00:00+03:00,2024-07-01 00:00:00+03:00,1.3653848734964378,-0.2759073983560832,0.03449274698513055,,1.0,EURCHF,CHFJPY
2,2024-07-01 00:00:00+03:00,2024-10-01 00:00:00+03:00,-0.021454019122469536,-0.0038670512770198383,0.054692101843511406,,1.0,EURCHF,CHFJPY
3,2024-10-01 00:00:00+03:00,2025-01-01 00:00:00+02:00,-0.8900480389511572,0.1647269015358199,0.0573657335681709,,1.0,EURCHF,CHFJPY
4,2025-01-01 00:00:00+02:00,2025-04-01 00:00:00+03:00,-0.0861403518580728,0.007271081941792743,0.09648891271265359,,8.0,EURCHF,CHFJPY
5,2025-04-01 00:00:00+03:00,2025-07-01 00:00:00+03:00,-0.3677553285468545,0.06182868049124876,0.056575773991857786,,0.0,EURCHF,CHFJPY
6,2025-07-01 00:00:00+03:00,2025-10-01 00:00:00+03:00,-0.23638634643795403,0.034380919159615136,0.003769203497183448,,2.0,EURCHF,CHFJPY
7,2025-10-01 00:00:00+03:00,2026-01-01 00:00:00+02:00,0.4660653185796549,-0.10251788783747741,7.160134203015455e-05,,2.0,EURCHF,CHFJPY
8,2026-01-01 00:00:00+02:00,2026-04-01 00:00:00+03:00,0.5115635039808824,-0.11105829337774946,0.00025707118210299305,,1.0,EURCHF,CHFJPY
0,2024-01-01 00:00:00+02:00,2024-04-01 00:00:00+03:00,1.7714909207978624,-0.4398070638812933,0.002783571642771688,,2.0,NZDCAD,NZDJPY
1,2024-04-01 00:00:00+03:00,2024-07-01 00:00:00+03:00,-0.05868368494589436,-0.030659383141349368,0.013470914933918282,,1.0,NZDCAD,NZDJPY
2,2024-07-01 00:00:00+03:00,2024-10-01 00:00:00+03:00,-1.648387137862972,0.3222732450243812,0.010236957528625898,,1.0,NZDCAD,NZDJPY
3,2024-10-01 00:00:00+03:00,2025-01-01 00:00:00+02:00,-0.922311690312512,0.1622096068108567,0.10867579327478044,adf_gate,,NZDCAD,NZDJPY
4,2025-01-01 00:00:00+02:00,2025-04-01 00:00:00+03:00,-0.7157953374466248,0.11680900048967725,0.02152215472241797,,1.0,NZDCAD,NZDJPY
5,2025-04-01 00:00:00+03:00,2025-07-01 00:00:00+03:00,-0.9730452333026702,0.17347448472275936,0.006144722106165345,,0.0,NZDCAD,NZDJPY
6,2025-07-01 00:00:00+03:00,2025-10-01 00:00:00+03:00,-1.0210426340254837,0.18465792411058193,0.002726654212626321,,3.0,NZDCAD,NZDJPY
7,2025-10-01 00:00:00+03:00,2026-01-01 00:00:00+02:00,-1.2669000784997253,0.23892196308634003,0.0001629738489923915,,1.0,NZDCAD,NZDJPY
8,2026-01-01 00:00:00+02:00,2026-04-01 00:00:00+03:00,0.6523495560877518,-0.19247300059584033,0.0011944353296956826,,1.0,NZDCAD,NZDJPY
0,2024-01-01 00:00:00+02:00,2024-04-01 00:00:00+03:00,0.19577400431340858,-0.22521563550741544,0.12679529516096527,adf_gate,,GBPCHF,EURCAD
1,2024-04-01 00:00:00+03:00,2024-07-01 00:00:00+03:00,0.16590116453082532,-0.15446554405455923,0.07508333798324338,,1.0,GBPCHF,EURCAD
2,2024-07-01 00:00:00+03:00,2024-10-01 00:00:00+03:00,-0.10554299967286751,0.5665692126790607,0.05192721645214614,,36.0,GBPCHF,EURCAD
3,2024-10-01 00:00:00+03:00,2025-01-01 00:00:00+02:00,-0.04444031343600457,0.40398907854317284,0.06811286682940174,,2.0,GBPCHF,EURCAD
4,2025-01-01 00:00:00+02:00,2025-04-01 00:00:00+03:00,0.053778068159430176,0.16268383003560638,0.002490331876087318,,2.0,GBPCHF,EURCAD
5,2025-04-01 00:00:00+03:00,2025-07-01 00:00:00+03:00,0.1545867131923918,-0.07905817994570388,0.006287727978291595,,0.0,GBPCHF,EURCAD
6,2025-07-01 00:00:00+03:00,2025-10-01 00:00:00+03:00,0.24915764782076966,-0.32361645734176303,0.004205459324989821,,1.0,GBPCHF,EURCAD
7,2025-10-01 00:00:00+03:00,2026-01-01 00:00:00+02:00,0.316805711210347,-0.49049710850171435,0.011123329563902728,,1.0,GBPCHF,EURCAD
8,2026-01-01 00:00:00+02:00,2026-04-01 00:00:00+03:00,0.40633208948892235,-0.6950812485328934,0.007847269112122024,,1.0,GBPCHF,EURCAD
0,2024-01-01 00:00:00+02:00,2024-04-01 00:00:00+03:00,1.471950157369011,-0.2988220504794106,0.0052327780129991855,,1.0,EURCHF,EURJPY
1,2024-04-01 00:00:00+03:00,2024-07-01 00:00:00+03:00,1.2957995522018386,-0.26432015153626426,0.034037672446593004,,0.0,EURCHF,EURJPY
2,2024-07-01 00:00:00+03:00,2024-10-01 00:00:00+03:00,-1.4280332345971858,0.27282924088727395,0.02766479859419601,,1.0,EURCHF,EURJPY
3,2024-10-01 00:00:00+03:00,2025-01-01 00:00:00+02:00,-2.0228323096085705,0.388548430633194,0.011228458254809916,,1.0,EURCHF,EURJPY
4,2025-01-01 00:00:00+02:00,2025-04-01 00:00:00+03:00,-2.614277770886282,0.5031960079217843,0.07217440368928624,,1.0,EURCHF,EURJPY
5,2025-04-01 00:00:00+03:00,2025-07-01 00:00:00+03:00,-2.392865284925808,0.4597020796080702,0.020297434364652353,,0.0,EURCHF,EURJPY
6,2025-07-01 00:00:00+03:00,2025-10-01 00:00:00+03:00,-1.4011620632562019,0.26354564558652055,0.018768732897829314,,0.0,EURCHF,EURJPY
7,2025-10-01 00:00:00+03:00,2026-01-01 00:00:00+02:00,0.24635350222595007,-0.06075201334039772,9.590593746413369e-05,,2.0,EURCHF,EURJPY
8,2026-01-01 00:00:00+02:00,2026-04-01 00:00:00+03:00,0.47062201184522434,-0.10448714363755314,0.00028929605149927514,,1.0,EURCHF,EURJPY
0,2024-01-01 00:00:00+02:00,2024-04-01 00:00:00+03:00,0.16635588634770596,0.37797893209704636,0.027669082287257018,,1.0,EURCHF,AUDCHF
1,2024-04-01 00:00:00+03:00,2024-07-01 00:00:00+03:00,0.2685284522130395,0.5711249201651775,0.0037060525885537483,,18.0,EURCHF,AUDCHF
2,2024-07-01 00:00:00+03:00,2024-10-01 00:00:00+03:00,0.2893482074286962,0.6097801158678722,0.007986230129966848,,2.0,EURCHF,AUDCHF
3,2024-10-01 00:00:00+03:00,2025-01-01 00:00:00+02:00,0.3147893187891257,0.6624810253505982,0.05443507897458078,,2.0,EURCHF,AUDCHF
4,2025-01-01 00:00:00+02:00,2025-04-01 00:00:00+03:00,0.34659484082050196,0.7274665739472028,0.005417188639948656,,1.0,EURCHF,AUDCHF
5,2025-04-01 00:00:00+03:00,2025-07-01 00:00:00+03:00,0.24020051977711854,0.5287187603600401,0.22140336161181629,adf_gate,,EURCHF,AUDCHF
6,2025-07-01 00:00:00+03:00,2025-10-01 00:00:00+03:00,0.02753544300810648,0.15029990367954016,0.0054536894640287185,,2.0,EURCHF,AUDCHF
7,2025-10-01 00:00:00+03:00,2026-01-01 00:00:00+02:00,-0.029409103198830697,0.05685969117221002,0.0004779037863479557,,1.0,EURCHF,AUDCHF
8,2026-01-01 00:00:00+02:00,2026-04-01 00:00:00+03:00,0.043036202376220155,0.17309687092495912,0.0005793517760884283,,1.0,EURCHF,AUDCHF
0,2024-01-01 00:00:00+02:00,2024-04-01 00:00:00+03:00,1.2202646434241138,0.7527292332950554,0.0029167160502751527,,1.0,EURJPY,CHFJPY
1,2024-04-01 00:00:00+03:00,2024-07-01 00:00:00+03:00,1.3657677372326171,0.7240396526666019,0.03929274435656482,,1.0,EURJPY,CHFJPY
2,2024-07-01 00:00:00+03:00,2024-10-01 00:00:00+03:00,-0.02221278529537916,0.9963038677157388,0.054638378625870405,,2.0,EURJPY,CHFJPY
3,2024-10-01 00:00:00+03:00,2025-01-01 00:00:00+02:00,-0.892064023773871,1.1651430272077883,0.05607955995925306,,1.0,EURJPY,CHFJPY
4,2025-01-01 00:00:00+02:00,2025-04-01 00:00:00+03:00,-0.08838258066319254,1.0077307725885358,0.09687753156604256,,9.0,EURJPY,CHFJPY
5,2025-04-01 00:00:00+03:00,2025-07-01 00:00:00+03:00,-0.3695512279433873,1.0622023193644503,0.05586337628878883,,0.0,EURJPY,CHFJPY
6,2025-07-01 00:00:00+03:00,2025-10-01 00:00:00+03:00,-0.23723234395743314,1.034570439803967,0.0021897025845124722,,2.0,EURJPY,CHFJPY
7,2025-10-01 00:00:00+03:00,2026-01-01 00:00:00+02:00,0.4663823647994522,0.8974452156335136,9.063447683640245e-05,,2.0,EURJPY,CHFJPY
8,2026-01-01 00:00:00+02:00,2026-04-01 00:00:00+03:00,0.5117683155215216,0.8889262987079378,0.00013646407425313686,,1.0,EURJPY,CHFJPY
0,2024-01-01 00:00:00+02:00,2024-04-01 00:00:00+03:00,0.20095670221369427,-0.185263599584788,0.13019324452715292,adf_gate,,GBPCHF,EURAUD
1,2024-04-01 00:00:00+03:00,2024-07-01 00:00:00+03:00,0.20488933722142175,-0.19536150946588654,0.06354237984107883,,1.0,GBPCHF,EURAUD
2,2024-07-01 00:00:00+03:00,2024-10-01 00:00:00+03:00,0.26886818610210034,-0.3155639654616554,0.06338467416798435,,9.0,GBPCHF,EURAUD
3,2024-10-01 00:00:00+03:00,2025-01-01 00:00:00+02:00,0.45535029231517826,-0.6892669754879074,0.039374172198301575,,2.0,GBPCHF,EURAUD
4,2025-01-01 00:00:00+02:00,2025-04-01 00:00:00+03:00,0.3474771996611115,-0.46455994960251773,0.000683946037600011,,1.0,GBPCHF,EURAUD
5,2025-04-01 00:00:00+03:00,2025-07-01 00:00:00+03:00,0.1508222202017388,-0.05603341110461353,0.006636111568687266,,0.0,GBPCHF,EURAUD
6,2025-07-01 00:00:00+03:00,2025-10-01 00:00:00+03:00,0.24935382358358166,-0.26058458865231554,0.006812124003035266,,0.0,GBPCHF,EURAUD
7,2025-10-01 00:00:00+03:00,2026-01-01 00:00:00+02:00,0.31885483957548355,-0.39880845798606096,0.0432607697749105,,1.0,GBPCHF,EURAUD
8,2026-01-01 00:00:00+02:00,2026-04-01 00:00:00+03:00,0.4669290390610378,-0.6737398758958568,0.1065654983251198,adf_gate,,GBPCHF,EURAUD
0,2024-01-01 00:00:00+02:00,2024-04-01 00:00:00+03:00,0.1661959699391851,-0.6220047947599948,0.02211938309845594,,1.0,EURAUD,AUDCHF
1,2024-04-01 00:00:00+03:00,2024-07-01 00:00:00+03:00,0.26821289906755713,-0.42915230900222034,0.0032721288973120203,,12.0,EURAUD,AUDCHF
2,2024-07-01 00:00:00+03:00,2024-10-01 00:00:00+03:00,0.28921108879036045,-0.390175245301762,0.007485333057503106,,2.0,EURAUD,AUDCHF
3,2024-10-01 00:00:00+03:00,2025-01-01 00:00:00+02:00,0.31471672771390535,-0.33735284077244554,0.056263575074760146,,2.0,EURAUD,AUDCHF
4,2025-01-01 00:00:00+02:00,2025-04-01 00:00:00+03:00,0.34662238876172524,-0.27216763021382284,0.00482919055644392,,1.0,EURAUD,AUDCHF
5,2025-04-01 00:00:00+03:00,2025-07-01 00:00:00+03:00,0.2402552370233531,-0.47085490314594036,0.21000751435684345,adf_gate,,EURAUD,AUDCHF
6,2025-07-01 00:00:00+03:00,2025-10-01 00:00:00+03:00,0.027299267585986855,-0.8497973426532467,0.006271943383739094,,2.0,EURAUD,AUDCHF
7,2025-10-01 00:00:00+03:00,2026-01-01 00:00:00+02:00,-0.029733977260764346,-0.9433885446033756,0.0018218876573612489,,1.0,EURAUD,AUDCHF
8,2026-01-01 00:00:00+02:00,2026-04-01 00:00:00+03:00,0.04273369594227028,-0.8271131681038254,0.0005940812171737203,,1.0,EURAUD,AUDCHF
0,2024-01-01 00:00:00+02:00,2024-04-01 00:00:00+03:00,0.17161095756012648,0.7374901486694025,0.01781042181071688,,0.0,NZDCAD,NZDUSD
1,2024-04-01 00:00:00+03:00,2024-07-01 00:00:00+03:00,0.11073333037917026,0.6196612082672582,0.016473735307851345,,1.0,NZDCAD,NZDUSD
2,2024-07-01 00:00:00+03:00,2024-10-01 00:00:00+03:00,0.10247524613860393,0.5980572159967674,0.016242816046517887,,2.0,NZDCAD,NZDUSD
3,2024-10-01 00:00:00+03:00,2025-01-01 00:00:00+02:00,0.11699605135299614,0.61653477742778,0.03209805149985757,,2.0,NZDCAD,NZDUSD
4,2025-01-01 00:00:00+02:00,2025-04-01 00:00:00+03:00,0.008012124387799182,0.39030756233540703,0.011488266954560093,,2.0,NZDCAD,NZDUSD
5,2025-04-01 00:00:00+03:00,2025-07-01 00:00:00+03:00,0.0003088996918745752,0.3680428597031201,0.00013684653426158808,,0.0,NZDCAD,NZDUSD
6,2025-07-01 00:00:00+03:00,2025-10-01 00:00:00+03:00,-6.125570730040703e-05,0.3676918775204662,7.51027428208988e-05,,3.0,NZDCAD,NZDUSD
7,2025-10-01 00:00:00+03:00,2026-01-01 00:00:00+02:00,-0.02539713042922151,0.3247570735101793,0.0010537818075028523,,2.0,NZDCAD,NZDUSD
8,2026-01-01 00:00:00+02:00,2026-04-01 00:00:00+03:00,-0.008035050522064493,0.3677125038689739,0.0773005320325204,,1.0,NZDCAD,NZDUSD
0,2024-01-01 00:00:00+02:00,2024-04-01 00:00:00+03:00,0.2500049013696796,-0.49263262687944026,0.054379186083142,,1.0,EURCHF,EURNZD
1,2024-04-01 00:00:00+03:00,2024-07-01 00:00:00+03:00,-0.008103079030243003,-0.05550754196941073,0.03232347157622893,,1.0,EURCHF,EURNZD
2,2024-07-01 00:00:00+03:00,2024-10-01 00:00:00+03:00,-0.21780758812763246,0.30512947831860127,0.04602378639119641,,6.0,EURCHF,EURNZD
3,2024-10-01 00:00:00+03:00,2025-01-01 00:00:00+02:00,-0.1887035305135239,0.25044293112830956,0.06986999891370746,,2.0,EURCHF,EURNZD
4,2025-01-01 00:00:00+02:00,2025-04-01 00:00:00+03:00,0.025623157706120964,-0.1279124008237026,0.06745869236590854,,9.0,EURCHF,EURNZD
5,2025-04-01 00:00:00+03:00,2025-07-01 00:00:00+03:00,0.08126097800019477,-0.22088547795253133,0.06051550672435786,,0.0,EURCHF,EURNZD
6,2025-07-01 00:00:00+03:00,2025-10-01 00:00:00+03:00,-0.011085734450665326,-0.07902799480377892,0.0018746725780884126,,1.0,EURCHF,EURNZD
7,2025-10-01 00:00:00+03:00,2026-01-01 00:00:00+02:00,-0.049578992522492316,-0.022368408941429836,0.0003018153335232114,,1.0,EURCHF,EURNZD
8,2026-01-01 00:00:00+02:00,2026-04-01 00:00:00+03:00,0.026021673774973216,-0.13772743946908236,0.0002018750147450804,,1.0,EURCHF,EURNZD
0,2024-01-01 00:00:00+02:00,2024-04-01 00:00:00+03:00,0.10300886022548776,-0.9446599111899465,0.02673486963216371,,1.0,EURAUD,CADCHF
1,2024-04-01 00:00:00+03:00,2024-07-01 00:00:00+03:00,0.38477206653547996,-0.27438119165129815,0.002232125502708648,,2.0,EURAUD,CADCHF
2,2024-07-01 00:00:00+03:00,2024-10-01 00:00:00+03:00,0.48784035030558337,-0.030520205623575502,0.010177146412360378,,3.0,EURAUD,CADCHF
3,2024-10-01 00:00:00+03:00,2025-01-01 00:00:00+02:00,0.4745728135633228,-0.05263856575083325,0.04431479519725537,,2.0,EURAUD,CADCHF
4,2025-01-01 00:00:00+02:00,2025-04-01 00:00:00+03:00,0.47574928815243833,-0.04246495006176171,0.007364696566497519,,1.0,EURAUD,CADCHF
5,2025-04-01 00:00:00+03:00,2025-07-01 00:00:00+03:00,0.35319902532042097,-0.3220798035987821,0.14270369450999282,adf_gate,,EURAUD,CADCHF
6,2025-07-01 00:00:00+03:00,2025-10-01 00:00:00+03:00,-0.021958010815558343,-1.1345663608681773,0.003538581943050886,,1.0,EURAUD,CADCHF
7,2025-10-01 00:00:00+03:00,2026-01-01 00:00:00+02:00,0.012075385804481071,-1.058472635521219,0.008475814623316964,,0.0,EURAUD,CADCHF
8,2026-01-01 00:00:00+02:00,2026-04-01 00:00:00+03:00,0.20198085181890776,-0.687352169355392,0.008676176356117029,,1.0,EURAUD,CADCHF
0,2024-01-01 00:00:00+02:00,2024-04-01 00:00:00+03:00,0.2128459943137568,-0.8278397014116157,0.07363512921040687,,1.0,GBPNZD,NZDCHF
1,2024-04-01 00:00:00+03:00,2024-07-01 00:00:00+03:00,0.33053857517678203,-0.6371293000246884,0.09350785255583349,,0.0,GBPNZD,NZDCHF
2,2024-07-01 00:00:00+03:00,2024-10-01 00:00:00+03:00,0.5687522837903589,-0.26118010845667816,0.02698752951179639,,0.0,GBPNZD,NZDCHF
3,2024-10-01 00:00:00+03:00,2025-01-01 00:00:00+02:00,0.5222459417125579,-0.34150817110624304,0.06686994834800675,,1.0,GBPNZD,NZDCHF
4,2025-01-01 00:00:00+02:00,2025-04-01 00:00:00+03:00,0.3400407506783975,-0.6468987943421479,0.003156009760710314,,1.0,GBPNZD,NZDCHF
5,2025-04-01 00:00:00+03:00,2025-07-01 00:00:00+03:00,0.2575266460762252,-0.7899537552584668,0.010530479841658698,,0.0,GBPNZD,NZDCHF
6,2025-07-01 00:00:00+03:00,2025-10-01 00:00:00+03:00,0.3220537213671744,-0.6894369813487844,0.011212308617358311,,0.0,GBPNZD,NZDCHF
7,2025-10-01 00:00:00+03:00,2026-01-01 00:00:00+02:00,0.43741011749109476,-0.5209300324685254,0.00408590256708397,,1.0,GBPNZD,NZDCHF
8,2026-01-01 00:00:00+02:00,2026-04-01 00:00:00+03:00,0.5146374175576925,-0.4160081928200583,0.0021604337118698025,,1.0,GBPNZD,NZDCHF
0,2024-01-01 00:00:00+02:00,2024-04-01 00:00:00+03:00,0.2495107810251098,-1.4922907244532821,0.1843147275254624,adf_gate,,NZDCHF,EURNZD
1,2024-04-01 00:00:00+03:00,2024-07-01 00:00:00+03:00,-0.008407723083340772,-1.0554714836474137,0.022939546111395166,,1.0,NZDCHF,EURNZD
2,2024-07-01 00:00:00+03:00,2024-10-01 00:00:00+03:00,-0.2175426797264404,-0.6957849449705584,0.03262373841186323,,2.0,NZDCHF,EURNZD
3,2024-10-01 00:00:00+03:00,2025-01-01 00:00:00+02:00,-0.18873465659127894,-0.7499301714096381,0.08070004270757491,,2.0,NZDCHF,EURNZD
4,2025-01-01 00:00:00+02:00,2025-04-01 00:00:00+03:00,0.025481840809925955,-1.1280785524010204,0.078749224280729,,8.0,NZDCHF,EURNZD
5,2025-04-01 00:00:00+03:00,2025-07-01 00:00:00+03:00,0.08121338629599485,-1.2212111856669197,0.07175892214496045,,0.0,NZDCHF,EURNZD
6,2025-07-01 00:00:00+03:00,2025-10-01 00:00:00+03:00,-0.01096807846663436,-1.0796286878589303,0.003322001790286865,,2.0,NZDCHF,EURNZD
7,2025-10-01 00:00:00+03:00,2026-01-01 00:00:00+02:00,-0.049720489852611016,-1.0225473276545627,0.0015117845841108853,,3.0,NZDCHF,EURNZD
8,2026-01-01 00:00:00+02:00,2026-04-01 00:00:00+03:00,0.025606725946242827,-1.1374854483420673,0.0002742577554012678,,1.0,NZDCHF,EURNZD
0,2024-01-01 00:00:00+02:00,2024-04-01 00:00:00+03:00,0.19798959020399182,-0.46537186837963745,0.06465715605782534,,1.0,EURCHF,EURAUD
1,2024-04-01 00:00:00+03:00,2024-07-01 00:00:00+03:00,0.07719450356822811,-0.2344785186979952,0.025018651333579826,,1.0,EURCHF,EURAUD
2,2024-07-01 00:00:00+03:00,2024-10-01 00:00:00+03:00,-0.014338648788873263,-0.05377889585815152,0.05056266701290624,,1.0,EURCHF,EURAUD
3,2024-10-01 00:00:00+03:00,2025-01-01 00:00:00+02:00,0.054525333503436996,-0.19779137032627958,0.09512256176030143,,2.0,EURCHF,EURAUD
4,2025-01-01 00:00:00+02:00,2025-04-01 00:00:00+03:00,0.017295754062432382,-0.13348483951329276,0.07872041163392401,,9.0,EURCHF,EURAUD
5,2025-04-01 00:00:00+03:00,2025-07-01 00:00:00+03:00,0.006565584730196138,-0.11257633323473876,0.06263197451642828,,0.0,EURCHF,EURAUD
6,2025-07-01 00:00:00+03:00,2025-10-01 00:00:00+03:00,-0.015205719650702557,-0.0850790512029664,0.0019480634553828936,,1.0,EURCHF,EURAUD
7,2025-10-01 00:00:00+03:00,2026-01-01 00:00:00+02:00,-0.049693609607890946,-0.026027254185714794,0.00037255153790877014,,1.0,EURCHF,EURAUD
8,2026-01-01 00:00:00+02:00,2026-04-01 00:00:00+03:00,0.018401458563539776,-0.14935847000897767,0.0006265779955238921,,1.0,EURCHF,EURAUD
0,2024-01-01 00:00:00+02:00,2024-04-01 00:00:00+03:00,0.20748989765579476,0.3970819458148597,0.01792588116285296,,1.0,EURCHF,NZDCHF
1,2024-04-01 00:00:00+03:00,2024-07-01 00:00:00+03:00,0.27732571561281943,0.5150751442842184,0.02030323594585865,,1.0,EURCHF,NZDCHF
2,2024-07-01 00:00:00+03:00,2024-10-01 00:00:00+03:00,0.2991541185955986,0.5489787100664953,0.031038742413199868,,2.0,EURCHF,NZDCHF
3,2024-10-01 00:00:00+03:00,2025-01-01 00:00:00+02:00,0.33969745580844385,0.6161300820650742,0.04241663053945282,,1.0,EURCHF,NZDCHF
4,2025-01-01 00:00:00+02:00,2025-04-01 00:00:00+03:00,0.35358338491693647,0.6384485546623698,0.01149859386829065,,1.0,EURCHF,NZDCHF
5,2025-04-01 00:00:00+03:00,2025-07-01 00:00:00+03:00,0.24674011584201527,0.46156149203252606,0.17096130897830147,adf_gate,,EURCHF,NZDCHF
6,2025-07-01 00:00:00+03:00,2025-10-01 00:00:00+03:00,0.06468025536452143,0.18514709344826247,0.00612148936030665,,1.0,EURCHF,NZDCHF
7,2025-10-01 00:00:00+03:00,2026-01-01 00:00:00+02:00,-0.021781376940574755,0.06017078558550216,0.0005071465162329525,,1.0,EURCHF,NZDCHF
8,2026-01-01 00:00:00+02:00,2026-04-01 00:00:00+03:00,0.04019248606945506,0.1447858880750101,0.00020987924077341138,,1.0,EURCHF,NZDCHF
