entry_time,exit_time,side,entry,exit,sl,tp,R,reason,gross_$,fee_$,net_$,cum_net_$
2023-01-03 20:20:00,2023-01-03 21:55:00,L,1.12212,1.12042,1.12042,1.12552,-1.0,sl,-4.33,0.59,-4.92,-4.92
2023-01-09 16:05:00,2023-01-09 17:00:00,L,1.11893,1.12024,1.11827,1.12024,2.0,tp,3.34,0.59,2.75,-2.17
2023-01-09 18:05:00,2023-01-10 00:00:00,L,1.1196,1.11786,1.11786,1.12308,-1.0,sl,-4.43,0.59,-5.02,-7.19
2023-01-12 15:05:00,2023-01-12 15:25:00,L,1.13328,1.13197,1.13197,1.1359,-1.0,sl,-3.34,0.59,-3.93,-11.12
2023-01-12 15:35:00,2023-01-12 17:05:00,L,1.13494,1.12895,1.12895,1.14692,-1.0,sl,-15.26,0.59,-15.85,-26.97
2023-01-12 17:20:00,2023-01-12 17:20:00,L,1.12974,1.12815,1.12815,1.13293,-1.0,sl,-4.06,0.59,-4.65,-31.62
2023-01-12 17:30:00,2023-01-12 17:30:00,L,1.12831,1.12781,1.12781,1.1293,-1.0,sl,-1.26,0.59,-1.85,-33.47
2023-01-12 18:10:00,2023-01-13 02:20:00,L,1.13076,1.13252,1.12759,1.1371,0.555,time,4.48,0.59,3.89,-29.58
2023-01-13 15:10:00,2023-01-13 17:10:00,L,1.13171,1.13351,1.13081,1.13351,2.0,tp,4.59,0.59,4.0,-25.58
2023-01-13 18:25:00,2023-01-13 18:25:00,L,1.13105,1.13027,1.13027,1.1326,-1.0,sl,-1.98,0.59,-2.57,-28.15
2023-01-13 18:45:00,2023-01-16 02:50:00,L,1.13151,1.13299,1.13013,1.13427,1.074,time,3.77,0.59,3.18,-24.97
2023-01-26 17:05:00,2023-01-26 20:20:00,L,1.13771,1.14088,1.13613,1.14088,2.0,tp,8.07,0.59,7.48,-17.49
2023-02-01 17:05:00,2023-02-01 17:45:00,S,1.12979,1.12739,1.13099,1.12739,2.0,tp,6.12,0.59,5.53,-11.96
2023-02-01 17:50:00,2023-02-02 01:50:00,S,1.12726,1.12373,1.13101,1.11976,0.941,time,8.99,0.59,8.4,-3.56
2023-02-02 14:10:00,2023-02-02 22:10:00,S,1.11924,1.11753,1.12566,1.10641,0.267,time,4.36,0.59,3.77,0.21
2023-02-06 14:45:00,2023-02-06 16:20:00,S,1.11609,1.11687,1.11687,1.11452,-1.0,sl,-2.0,0.59,-2.59,-2.38
2023-02-06 16:55:00,2023-02-06 17:30:00,S,1.11737,1.1153,1.11841,1.1153,2.0,tp,5.28,0.59,4.69,2.31
2023-02-07 20:05:00,2023-02-07 20:45:00,S,1.11079,1.10863,1.11187,1.10863,2.0,tp,5.5,0.59,4.91,7.22
2023-02-07 20:55:00,2023-02-08 04:55:00,S,1.10869,1.11116,1.11186,1.10236,-0.78,time,-6.29,0.59,-6.88,0.34
2023-02-16 18:05:00,2023-02-17 00:00:00,S,1.11146,1.10907,1.11265,1.10907,2.0,tp,6.08,0.59,5.49,5.83
2023-02-20 16:10:00,2023-02-20 17:05:00,S,1.11215,1.11086,1.1128,1.11086,2.0,tp,3.29,0.59,2.7,8.53
2023-02-20 17:15:00,2023-02-21 01:15:00,S,1.11126,1.11108,1.11212,1.10954,0.209,time,0.46,0.59,-0.13,8.4
2023-02-24 17:05:00,2023-02-27 01:10:00,L,1.12193,1.12368,1.11938,1.12703,0.686,time,4.46,0.59,3.87,12.27
2023-02-28 16:25:00,2023-02-28 16:30:00,L,1.13326,1.13418,1.1328,1.13418,2.0,tp,2.34,0.59,1.75,14.02
2023-02-28 16:35:00,2023-02-28 20:45:00,L,1.13402,1.13279,1.13279,1.13648,-1.0,sl,-3.13,0.59,-3.72,10.3
2023-03-07 16:50:00,2023-03-07 17:05:00,S,1.12024,1.11838,1.12117,1.11838,2.0,tp,4.73,0.59,4.14,14.44
2023-03-07 17:10:00,2023-03-08 01:10:00,S,1.11701,1.1142,1.12121,1.10861,0.669,time,7.16,0.59,6.57,21.01
2023-03-09 14:15:00,2023-03-09 14:15:00,S,1.11447,1.11504,1.11504,1.11333,-1.0,sl,-1.45,0.59,-2.04,18.97
2023-03-13 17:45:00,2023-03-13 17:50:00,S,1.10816,1.10914,1.10914,1.1062,-1.0,sl,-2.5,0.59,-3.09,15.88
2023-03-13 17:55:00,2023-03-13 18:10:00,S,1.10832,1.10643,1.10926,1.10643,2.0,tp,4.8,0.59,4.21,20.09
2023-03-13 18:20:00,2023-03-13 19:50:00,S,1.10671,1.10926,1.10926,1.10162,-1.0,sl,-6.49,0.59,-7.08,13.01
2023-03-14 17:15:00,2023-03-14 17:50:00,S,1.11281,1.10931,1.11456,1.10931,2.0,tp,8.91,0.59,8.32,21.33
2023-03-15 14:05:00,2023-03-15 16:05:00,L,1.11382,1.11079,1.11079,1.11988,-1.0,sl,-7.72,0.59,-8.31,13.02
2023-03-16 14:20:00,2023-03-16 15:40:00,L,1.11715,1.11956,1.11594,1.11956,2.0,tp,6.15,0.59,5.56,18.58
2023-03-29 16:30:00,2023-03-29 18:00:00,L,1.13325,1.13188,1.13188,1.13598,-1.0,sl,-3.48,0.59,-4.07,14.51
2023-03-29 19:10:00,2023-03-29 21:15:00,L,1.13252,1.13105,1.13105,1.13547,-1.0,sl,-3.76,0.59,-4.35,10.16
2023-03-31 16:00:00,2023-03-31 16:05:00,L,1.13318,1.1325,1.1325,1.13454,-1.0,sl,-1.73,0.59,-2.32,7.84
2023-04-04 16:35:00,2023-04-04 16:55:00,L,1.13872,1.13805,1.13805,1.14006,-1.0,sl,-1.71,0.59,-2.3,5.54
2023-04-04 17:05:00,2023-04-04 17:20:00,L,1.13847,1.13682,1.13682,1.14177,-1.0,sl,-4.21,0.59,-4.8,0.74
2023-04-04 17:35:00,2023-04-04 18:05:00,L,1.13659,1.13516,1.13516,1.13945,-1.0,sl,-3.64,0.59,-4.23,-3.49
2023-04-10 17:05:00,2023-04-11 00:00:00,L,1.12618,1.12377,1.12377,1.131,-1.0,sl,-6.14,0.59,-6.73,-10.22
2023-04-11 15:45:00,2023-04-11 15:50:00,S,1.12584,1.12504,1.12624,1.12504,2.0,tp,2.04,0.59,1.45,-8.77
2023-04-11 15:55:00,2023-04-11 18:25:00,S,1.12504,1.12265,1.12624,1.12265,2.0,tp,6.09,0.59,5.5,-3.27
2023-04-14 15:40:00,2023-04-14 15:55:00,S,1.112,1.11338,1.11338,1.10924,-1.0,sl,-3.52,0.59,-4.11,-7.38
2023-04-14 16:05:00,2023-04-14 16:30:00,S,1.11314,1.11166,1.11388,1.11166,2.0,tp,3.77,0.59,3.18,-4.2
2023-04-14 16:40:00,2023-04-17 00:45:00,S,1.11162,1.10968,1.11387,1.10713,0.863,time,4.94,0.59,4.35,0.15
2023-04-17 15:05:00,2023-04-17 15:20:00,S,1.1104,1.1111,1.1111,1.109,-1.0,sl,-1.79,0.59,-2.38,-2.23
2023-04-17 15:30:00,2023-04-17 15:45:00,S,1.11038,1.11123,1.11123,1.10868,-1.0,sl,-2.17,0.59,-2.76,-4.99
2023-04-17 16:40:00,2023-04-18 00:40:00,S,1.11163,1.11202,1.11282,1.10926,-0.329,time,-0.99,0.59,-1.58,-6.57
2023-04-24 21:00:00,2023-04-25 00:00:00,S,1.1082,1.10706,1.10877,1.10706,2.0,tp,2.91,0.59,2.32,-4.25
2023-04-25 18:05:00,2023-04-25 20:05:00,S,1.10624,1.10674,1.10674,1.10523,-1.0,sl,-1.28,0.59,-1.87,-6.12
2023-05-03 19:20:00,2023-05-03 20:00:00,S,1.11276,1.11335,1.11335,1.11158,-1.0,sl,-1.5,0.59,-2.09,-8.21
2023-05-03 21:00:00,2023-05-03 21:00:00,S,1.11266,1.11383,1.11383,1.11032,-1.0,sl,-2.99,0.59,-3.58,-11.79
2023-05-03 21:05:00,2023-05-04 05:05:00,S,1.11144,1.11073,1.11473,1.10486,0.216,time,1.81,0.59,1.22,-10.57
2023-05-08 18:55:00,2023-05-08 19:05:00,L,1.12347,1.12304,1.12304,1.12434,-1.0,sl,-1.11,0.59,-1.7,-12.27
2023-05-09 15:45:00,2023-05-09 16:20:00,L,1.1246,1.12534,1.12423,1.12534,2.0,tp,1.88,0.59,1.29,-10.98
2023-05-09 16:25:00,2023-05-09 17:35:00,L,1.12519,1.12423,1.12423,1.12711,-1.0,sl,-2.45,0.59,-3.04,-14.02
2023-05-09 18:15:00,2023-05-09 19:40:00,L,1.12453,1.12375,1.12375,1.12609,-1.0,sl,-1.98,0.59,-2.57,-16.59
2023-05-10 18:15:00,2023-05-11 00:00:00,L,1.12245,1.12107,1.12107,1.12521,-1.0,sl,-3.52,0.59,-4.11,-20.7
2023-05-11 15:05:00,2023-05-11 23:05:00,S,1.12367,1.11858,1.12698,1.11705,1.538,time,12.97,0.59,12.38,-8.32
2023-05-12 14:20:00,2023-05-12 14:25:00,S,1.11945,1.12026,1.12026,1.11782,-1.0,sl,-2.07,0.59,-2.66,-10.98
2023-05-12 14:50:00,2023-05-12 22:50:00,S,1.11954,1.11826,1.12102,1.11658,0.865,time,3.26,0.59,2.67,-8.31
2023-05-15 17:55:00,2023-05-15 19:35:00,L,1.11982,1.12095,1.11925,1.12095,2.0,tp,2.89,0.59,2.3,-6.01
2023-05-16 14:25:00,2023-05-16 16:30:00,S,1.11936,1.11979,1.11979,1.1185,-1.0,sl,-1.1,0.59,-1.69,-7.7
2023-05-16 17:10:00,2023-05-17 01:10:00,S,1.11984,1.11902,1.12123,1.11706,0.591,time,2.09,0.59,1.5,-6.2
2023-05-17 17:35:00,2023-05-17 17:55:00,L,1.12208,1.12064,1.12064,1.12496,-1.0,sl,-3.67,0.59,-4.26,-10.46
2023-05-17 18:05:00,2023-05-17 18:15:00,L,1.1209,1.12208,1.12031,1.12208,2.0,tp,3.01,0.59,2.42,-8.04
2023-05-17 18:20:00,2023-05-18 02:20:00,L,1.12234,1.12193,1.1203,1.12641,-0.201,time,-1.04,0.59,-1.63,-9.67
2023-05-22 15:50:00,2023-05-22 16:05:00,S,1.11742,1.11688,1.11769,1.11688,2.0,tp,1.39,0.59,0.8,-8.87
2023-05-22 16:20:00,2023-05-23 00:20:00,S,1.11656,1.11613,1.11769,1.1143,0.381,time,1.1,0.59,0.51,-8.36
2023-05-24 17:10:00,2023-05-25 00:00:00,S,1.1197,1.11717,1.12096,1.11717,2.0,tp,6.43,0.59,5.84,-2.52
2023-05-29 18:05:00,2023-05-29 18:55:00,S,1.11646,1.11687,1.11687,1.11564,-1.0,sl,-1.05,0.59,-1.64,-4.16
2023-06-02 16:40:00,2023-06-02 16:45:00,L,1.13417,1.13521,1.13365,1.13521,2.0,tp,2.64,0.59,2.05,-2.11
2023-06-02 16:50:00,2023-06-02 17:45:00,L,1.13528,1.13365,1.13365,1.13854,-1.0,sl,-4.15,0.59,-4.74,-6.85
2023-06-12 17:45:00,2023-06-12 17:50:00,L,1.13618,1.13754,1.1355,1.13754,2.0,tp,3.46,0.59,2.87,-3.98
2023-06-12 17:55:00,2023-06-13 00:00:00,L,1.13734,1.1355,1.1355,1.14103,-1.0,sl,-4.7,0.59,-5.29,-9.27
2023-06-14 17:10:00,2023-06-14 20:00:00,L,1.13903,1.138,1.138,1.14109,-1.0,sl,-2.62,0.59,-3.21,-12.48
2023-06-15 14:05:00,2023-06-15 15:15:00,L,1.14102,1.13968,1.13968,1.1437,-1.0,sl,-3.42,0.59,-4.01,-16.49
2023-06-19 14:30:00,2023-06-19 14:35:00,L,1.14654,1.1459,1.1459,1.14781,-1.0,sl,-1.62,0.59,-2.21,-18.7
2023-06-19 14:45:00,2023-06-19 14:55:00,L,1.1463,1.1458,1.1458,1.14729,-1.0,sl,-1.27,0.59,-1.86,-20.56
2023-06-19 15:20:00,2023-06-19 19:35:00,L,1.14646,1.14514,1.14514,1.1491,-1.0,sl,-3.36,0.59,-3.95,-24.51
2023-06-27 16:05:00,2023-06-27 17:00:00,L,1.1381,1.14117,1.13656,1.14117,2.0,tp,7.83,0.59,7.24,-17.27
2023-06-30 17:35:00,2023-06-30 21:25:00,L,1.13751,1.13614,1.13614,1.14026,-1.0,sl,-3.5,0.59,-4.09,-21.36
2023-07-03 19:15:00,2023-07-04 00:00:00,L,1.13714,1.13618,1.13618,1.13906,-1.0,sl,-2.45,0.59,-3.04,-24.4
2023-07-14 17:15:00,2023-07-14 17:30:00,S,1.13013,1.12926,1.13056,1.12926,2.0,tp,2.21,0.59,1.62,-22.78
2023-07-14 17:35:00,2023-07-17 00:00:00,S,1.12927,1.12667,1.13057,1.12667,2.0,tp,6.62,0.59,6.03,-16.75
2023-07-17 16:40:00,2023-07-17 16:45:00,S,1.12602,1.12664,1.12664,1.12477,-1.0,sl,-1.59,0.59,-2.18,-18.93
2023-07-17 16:50:00,2023-07-17 18:35:00,S,1.12623,1.12497,1.12686,1.12497,2.0,tp,3.22,0.59,2.63,-16.3
2023-07-18 14:05:00,2023-07-18 15:30:00,S,1.12472,1.12256,1.1258,1.12256,2.0,tp,5.5,0.59,4.91,-11.39
2023-07-19 18:10:00,2023-07-19 20:00:00,S,1.10798,1.10972,1.10972,1.1045,-1.0,sl,-4.43,0.59,-5.02,-16.41
2023-07-20 16:20:00,2023-07-20 17:05:00,S,1.10957,1.11027,1.11027,1.10817,-1.0,sl,-1.79,0.59,-2.38,-18.79
2023-07-20 17:20:00,2023-07-20 17:20:00,S,1.11185,1.11221,1.11221,1.11113,-1.0,sl,-0.92,0.59,-1.51,-20.3
2023-07-20 18:00:00,2023-07-20 18:50:00,S,1.11216,1.11356,1.11356,1.10936,-1.0,sl,-3.56,0.59,-4.15,-24.45
2023-07-21 18:20:00,2023-07-21 18:45:00,S,1.11203,1.11256,1.11256,1.11097,-1.0,sl,-1.36,0.59,-1.95,-26.4
2023-07-24 18:30:00,2023-07-24 18:35:00,S,1.1108,1.11133,1.11133,1.10974,-1.0,sl,-1.35,0.59,-1.94,-28.34
2023-07-24 18:55:00,2023-07-24 19:10:00,S,1.11141,1.11163,1.11163,1.11097,-1.0,sl,-0.56,0.59,-1.15,-29.49
2023-07-26 14:05:00,2023-07-26 15:00:00,S,1.11375,1.11417,1.11417,1.1129,-1.0,sl,-1.08,0.59,-1.67,-31.16
2023-07-26 15:30:00,2023-07-26 15:45:00,S,1.11449,1.11362,1.11493,1.11362,2.0,tp,2.22,0.59,1.63,-29.53
2023-07-26 15:50:00,2023-07-26 16:35:00,S,1.1133,1.11493,1.11493,1.11003,-1.0,sl,-4.16,0.59,-4.75,-34.28
2023-08-03 18:10:00,2023-08-04 02:10:00,S,1.11151,1.11141,1.11283,1.10887,0.076,time,0.25,0.59,-0.34,-34.62
2023-08-11 17:05:00,2023-08-11 18:45:00,S,1.11407,1.11271,1.11475,1.11271,2.0,tp,3.47,0.59,2.88,-31.74
2023-08-23 18:50:00,2023-08-23 19:05:00,S,1.11643,1.11695,1.11695,1.1154,-1.0,sl,-1.31,0.59,-1.9,-33.64
2023-08-23 20:05:00,2023-08-23 20:40:00,S,1.11695,1.11775,1.11775,1.11535,-1.0,sl,-2.04,0.59,-2.63,-36.27
2023-08-23 20:50:00,2023-08-23 21:10:00,S,1.11747,1.11779,1.11779,1.11682,-1.0,sl,-0.82,0.59,-1.41,-37.68
2023-08-23 21:30:00,2023-08-24 00:00:00,S,1.11726,1.11502,1.11838,1.11502,2.0,tp,5.72,0.59,5.13,-32.55
2023-08-28 15:20:00,2023-08-28 23:20:00,S,1.11327,1.11338,1.11427,1.11127,-0.11,time,-0.28,0.59,-0.87,-33.42
2023-08-29 22:25:00,2023-08-29 22:45:00,S,1.11044,1.11071,1.11071,1.1099,-1.0,sl,-0.69,0.59,-1.28,-34.7
2023-09-05 14:20:00,2023-09-05 15:10:00,S,1.11565,1.11637,1.11637,1.11422,-1.0,sl,-1.82,0.59,-2.41,-37.11
2023-09-05 16:05:00,2023-09-05 16:20:00,S,1.1166,1.11709,1.11709,1.11563,-1.0,sl,-1.24,0.59,-1.83,-38.94
2023-09-05 16:30:00,2023-09-05 16:45:00,S,1.11701,1.11616,1.11744,1.11616,2.0,tp,2.17,0.59,1.58,-37.36
2023-09-05 16:50:00,2023-09-05 18:50:00,S,1.1162,1.11744,1.11744,1.11372,-1.0,sl,-3.16,0.59,-3.75,-41.11
2023-09-06 16:15:00,2023-09-06 16:25:00,S,1.11857,1.11763,1.11904,1.11763,2.0,tp,2.39,0.59,1.8,-39.31
2023-09-06 16:30:00,2023-09-06 20:55:00,S,1.11764,1.11482,1.11905,1.11482,2.0,tp,7.19,0.59,6.6,-32.71
2023-09-07 16:05:00,2023-09-07 16:05:00,S,1.11316,1.11343,1.11343,1.11262,-1.0,sl,-0.69,0.59,-1.28,-33.99
2023-09-07 16:10:00,2023-09-07 16:15:00,S,1.11294,1.1135,1.1135,1.11182,-1.0,sl,-1.43,0.59,-2.02,-36.01
2023-09-07 16:20:00,2023-09-07 16:30:00,S,1.11313,1.11359,1.11359,1.11221,-1.0,sl,-1.17,0.59,-1.76,-37.77
2023-09-07 16:45:00,2023-09-07 17:55:00,S,1.11324,1.11394,1.11394,1.11184,-1.0,sl,-1.78,0.59,-2.37,-40.14
2023-09-07 18:15:00,2023-09-07 18:30:00,S,1.11404,1.11448,1.11448,1.11315,-1.0,sl,-1.13,0.59,-1.72,-41.86
2023-09-07 19:10:00,2023-09-08 03:10:00,S,1.11386,1.11345,1.11497,1.11163,0.368,time,1.04,0.59,0.45,-41.41
2023-09-08 16:45:00,2023-09-08 20:05:00,S,1.11395,1.11232,1.11477,1.11232,2.0,tp,4.16,0.59,3.57,-37.84
2023-09-12 15:40:00,2023-09-12 16:25:00,S,1.11276,1.11351,1.11351,1.11126,-1.0,sl,-1.91,0.59,-2.5,-40.34
2023-09-12 16:40:00,2023-09-12 16:50:00,S,1.11292,1.11366,1.11366,1.11145,-1.0,sl,-1.88,0.59,-2.47,-42.81
2023-09-14 20:00:00,2023-09-14 21:55:00,S,1.11227,1.1114,1.1127,1.1114,2.0,tp,2.21,0.59,1.62,-41.19
2023-09-18 14:15:00,2023-09-18 15:50:00,S,1.1107,1.11179,1.11179,1.10853,-1.0,sl,-2.77,0.59,-3.36,-44.55
2023-09-18 15:55:00,2023-09-18 16:25:00,S,1.11146,1.11188,1.11188,1.11063,-1.0,sl,-1.06,0.59,-1.65,-46.2
2023-09-18 16:45:00,2023-09-19 00:00:00,S,1.11167,1.11012,1.11244,1.11012,2.0,tp,3.94,0.59,3.35,-42.85
2023-09-20 17:00:00,2023-09-20 21:00:00,S,1.11003,1.10799,1.11105,1.10799,2.0,tp,5.19,0.59,4.6,-38.25
2023-09-22 15:15:00,2023-09-22 15:25:00,S,1.11107,1.10953,1.11184,1.10953,2.0,tp,3.93,0.59,3.34,-34.91
2023-09-22 15:40:00,2023-09-22 18:35:00,S,1.10946,1.11184,1.11184,1.1047,-1.0,sl,-6.06,0.59,-6.65,-41.56
2023-09-26 16:50:00,2023-09-26 18:05:00,S,1.11244,1.11149,1.11292,1.11149,2.0,tp,2.43,0.59,1.84,-39.72
2023-09-29 16:45:00,2023-09-29 16:55:00,L,1.11684,1.11602,1.11602,1.11848,-1.0,sl,-2.09,0.59,-2.68,-42.4
2023-09-29 17:00:00,2023-09-29 17:15:00,L,1.11637,1.11581,1.11581,1.11749,-1.0,sl,-1.43,0.59,-2.02,-44.42
2023-10-02 16:00:00,2023-10-02 16:05:00,S,1.11281,1.1137,1.1137,1.11103,-1.0,sl,-2.27,0.59,-2.86,-47.28
2023-10-02 16:15:00,2023-10-02 17:15:00,S,1.11311,1.11391,1.11391,1.1115,-1.0,sl,-2.05,0.59,-2.64,-49.92
2023-10-02 17:30:00,2023-10-02 20:00:00,S,1.11386,1.11198,1.1148,1.11198,2.0,tp,4.79,0.59,4.2,-45.72
2023-10-03 17:05:00,2023-10-03 18:00:00,S,1.11399,1.11221,1.11488,1.11221,2.0,tp,4.52,0.59,3.93,-41.79
2023-10-09 18:30:00,2023-10-09 19:10:00,S,1.10856,1.10792,1.10888,1.10792,2.0,tp,1.64,0.59,1.05,-40.74
2023-10-12 14:40:00,2023-10-12 15:00:00,S,1.10791,1.1085,1.1085,1.10674,-1.0,sl,-1.5,0.59,-2.09,-42.83
2023-10-12 15:15:00,2023-10-12 15:15:00,S,1.10883,1.10897,1.10897,1.10854,-1.0,sl,-0.37,0.59,-0.96,-43.79
2023-10-12 15:25:00,2023-10-12 16:30:00,S,1.1084,1.10657,1.10932,1.10657,2.0,tp,4.68,0.59,4.09,-39.7
2023-10-12 16:35:00,2023-10-13 00:35:00,S,1.10671,1.10517,1.10836,1.10341,0.932,time,3.92,0.59,3.33,-36.37
2023-10-16 15:05:00,2023-10-16 15:15:00,S,1.09837,1.09775,1.09868,1.09775,2.0,tp,1.57,0.59,0.98,-35.39
2023-10-16 15:20:00,2023-10-16 17:50:00,S,1.09759,1.09869,1.09869,1.0954,-1.0,sl,-2.79,0.59,-3.38,-38.77
2023-10-16 18:35:00,2023-10-16 21:55:00,S,1.09861,1.09935,1.09935,1.09712,-1.0,sl,-1.89,0.59,-2.48,-41.25
2023-10-17 20:15:00,2023-10-18 04:15:00,S,1.09734,1.09543,1.09888,1.09425,1.238,time,4.87,0.59,4.28,-36.97
2023-10-19 16:45:00,2023-10-19 18:20:00,S,1.08912,1.08758,1.08989,1.08758,2.0,tp,3.93,0.59,3.34,-33.63
2023-10-20 15:20:00,2023-10-20 15:30:00,S,1.08252,1.08331,1.08331,1.08094,-1.0,sl,-2.01,0.59,-2.6,-36.23
2023-10-20 15:55:00,2023-10-20 16:45:00,S,1.0838,1.08449,1.08449,1.08241,-1.0,sl,-1.77,0.59,-2.36,-38.59
2023-10-20 16:50:00,2023-10-20 16:50:00,S,1.08426,1.0834,1.08469,1.0834,2.0,tp,2.2,0.59,1.61,-36.98
2023-10-20 16:55:00,2023-10-20 20:15:00,S,1.08327,1.08469,1.08469,1.08043,-1.0,sl,-3.62,0.59,-4.21,-41.19
2023-10-25 17:20:00,2023-10-25 17:25:00,S,1.08677,1.08766,1.08766,1.08499,-1.0,sl,-2.27,0.59,-2.86,-44.05
2023-10-25 17:30:00,2023-10-25 17:40:00,S,1.08748,1.08775,1.08775,1.08695,-1.0,sl,-0.68,0.59,-1.27,-45.32
2023-10-25 17:55:00,2023-10-25 18:00:00,S,1.08706,1.08826,1.08826,1.08467,-1.0,sl,-3.05,0.59,-3.64,-48.96
2023-10-25 18:10:00,2023-10-26 00:00:00,S,1.08734,1.08523,1.0884,1.08523,2.0,tp,5.38,0.59,4.79,-44.17
2023-11-06 16:20:00,2023-11-06 16:50:00,L,1.11316,1.11195,1.11195,1.11559,-1.0,sl,-3.09,0.59,-3.68,-47.85
2023-11-06 17:00:00,2023-11-06 17:10:00,L,1.11232,1.11179,1.11179,1.11337,-1.0,sl,-1.34,0.59,-1.93,-49.78
2023-11-09 17:50:00,2023-11-10 01:50:00,S,1.105,1.10331,1.10647,1.10206,1.15,time,4.31,0.59,3.72,-46.06
2023-11-13 17:05:00,2023-11-13 21:40:00,L,1.10581,1.10695,1.10524,1.10695,2.0,tp,2.92,0.59,2.33,-43.73
2023-11-14 15:35:00,2023-11-14 23:35:00,L,1.10875,1.11096,1.10491,1.11644,0.575,time,5.63,0.59,5.04,-38.69
2023-11-16 16:05:00,2023-11-16 18:00:00,S,1.10315,1.10395,1.10395,1.10155,-1.0,sl,-2.04,0.59,-2.63,-41.32
2023-11-16 18:05:00,2023-11-16 18:15:00,S,1.10383,1.10311,1.10419,1.10311,2.0,tp,1.83,0.59,1.24,-40.08
2023-11-16 18:20:00,2023-11-17 00:00:00,S,1.10289,1.10028,1.10419,1.10028,2.0,tp,6.65,0.59,6.06,-34.02
2023-11-21 16:10:00,2023-11-21 17:15:00,L,1.10763,1.10671,1.10671,1.10947,-1.0,sl,-2.35,0.59,-2.94,-36.96
2023-11-21 18:25:00,2023-11-21 19:40:00,L,1.10654,1.10831,1.10566,1.10831,2.0,tp,4.5,0.59,3.91,-33.05
2023-11-23 16:10:00,2023-11-23 16:40:00,L,1.1083,1.10791,1.10791,1.10909,-1.0,sl,-1.0,0.59,-1.59,-34.64
2023-11-23 17:40:00,2023-11-23 22:10:00,L,1.10716,1.10815,1.10666,1.10815,2.0,tp,2.53,0.59,1.94,-32.7
2023-11-28 15:25:00,2023-11-28 17:20:00,L,1.11136,1.11298,1.11055,1.11298,2.0,tp,4.12,0.59,3.53,-29.17
2023-11-30 21:30:00,2023-11-30 22:25:00,S,1.10499,1.10551,1.10551,1.10394,-1.0,sl,-1.33,0.59,-1.92,-31.09
2023-11-30 23:00:00,2023-12-01 00:20:00,S,1.10516,1.10355,1.10597,1.10355,2.0,tp,4.11,0.59,3.52,-27.57
2023-12-01 15:10:00,2023-12-01 16:30:00,S,1.10743,1.1061,1.10809,1.1061,2.0,tp,3.38,0.59,2.79,-24.78
2023-12-08 14:05:00,2023-12-08 15:05:00,S,1.10058,1.10133,1.10133,1.09908,-1.0,sl,-1.91,0.59,-2.5,-27.28
2023-12-08 16:10:00,2023-12-08 17:55:00,S,1.10217,1.10367,1.10367,1.09917,-1.0,sl,-3.83,0.59,-4.42,-31.7
2023-12-12 18:15:00,2023-12-13 02:15:00,S,1.09974,1.09988,1.10095,1.09731,-0.115,time,-0.36,0.59,-0.95,-32.65
2023-12-13 15:35:00,2023-12-13 16:30:00,S,1.09796,1.09704,1.09842,1.09704,2.0,tp,2.35,0.59,1.76,-30.89
2023-12-13 16:35:00,2023-12-13 17:30:00,S,1.09701,1.09828,1.09828,1.09447,-1.0,sl,-3.23,0.59,-3.82,-34.71
2023-12-13 18:00:00,2023-12-13 22:20:00,S,1.09731,1.09888,1.09888,1.09417,-1.0,sl,-4.01,0.59,-4.6,-39.31
2023-12-14 14:05:00,2023-12-14 22:05:00,L,1.10356,1.10502,1.09889,1.11289,0.313,time,3.72,0.59,3.13,-36.18
2023-12-20 14:55:00,2023-12-20 22:55:00,S,1.09263,1.09055,1.09422,1.08946,1.311,time,5.3,0.59,4.71,-31.47
2023-12-21 19:45:00,2023-12-21 20:25:00,S,1.08712,1.08764,1.08764,1.08608,-1.0,sl,-1.33,0.59,-1.92,-33.39
2023-12-22 14:15:00,2023-12-22 17:40:00,S,1.08662,1.08816,1.08816,1.08353,-1.0,sl,-3.94,0.59,-4.53,-37.92
2023-12-22 19:15:00,2023-12-26 00:00:00,S,1.08779,1.08958,1.08958,1.08422,-1.0,sl,-4.55,0.59,-5.14,-43.06
2023-12-26 15:00:00,2023-12-26 23:00:00,S,1.08752,1.08596,1.08875,1.08506,1.27,time,3.97,0.59,3.38,-39.68
2023-12-27 14:40:00,2023-12-27 14:55:00,S,1.08674,1.08723,1.08723,1.08577,-1.0,sl,-1.24,0.59,-1.83,-41.51
2023-12-27 15:00:00,2023-12-27 15:20:00,S,1.08673,1.08743,1.08743,1.08532,-1.0,sl,-1.79,0.59,-2.38,-43.89
2023-12-27 15:35:00,2023-12-27 16:00:00,S,1.08733,1.08599,1.088,1.08599,2.0,tp,3.4,0.59,2.81,-41.08
2023-12-27 16:05:00,2023-12-27 18:20:00,S,1.08464,1.07787,1.08802,1.07787,2.0,tp,17.24,0.59,16.65,-24.43
2023-12-29 16:40:00,2023-12-29 17:45:00,S,1.06716,1.06896,1.06896,1.06355,-1.0,sl,-4.6,0.59,-5.19,-29.62
2023-12-29 18:55:00,2024-01-02 03:00:00,S,1.07134,1.07188,1.0743,1.06541,-0.182,time,-1.38,0.59,-1.97,-31.59
2024-01-15 14:30:00,2024-01-15 16:15:00,S,1.08717,1.08787,1.08787,1.08577,-1.0,sl,-1.78,0.59,-2.37,-33.96
2024-01-19 17:05:00,2024-01-22 01:10:00,L,1.10172,1.10286,1.10047,1.10423,0.91,time,2.9,0.59,2.31,-31.65
2024-01-22 21:40:00,2024-01-22 21:55:00,L,1.10404,1.10372,1.10372,1.10468,-1.0,sl,-0.81,0.59,-1.4,-33.05
2024-01-23 16:25:00,2024-01-23 18:00:00,L,1.10418,1.10351,1.10351,1.10551,-1.0,sl,-1.7,0.59,-2.29,-35.34
2024-01-23 18:40:00,2024-01-23 19:15:00,L,1.1034,1.10258,1.10258,1.10505,-1.0,sl,-2.1,0.59,-2.69,-38.03
2024-01-23 20:10:00,2024-01-24 00:00:00,L,1.10311,1.1023,1.1023,1.10473,-1.0,sl,-2.07,0.59,-2.66,-40.69
2024-01-29 14:20:00,2024-01-29 14:20:00,S,1.09593,1.0963,1.0963,1.09519,-1.0,sl,-0.94,0.59,-1.53,-42.22
2024-01-31 14:25:00,2024-01-31 15:00:00,S,1.09507,1.09443,1.09539,1.09443,2.0,tp,1.63,0.59,1.04,-41.18
2024-02-01 15:50:00,2024-02-01 23:50:00,S,1.0916,1.09317,1.0943,1.08619,-0.581,time,-4.0,0.59,-4.59,-45.77
2024-02-02 16:05:00,2024-02-02 17:40:00,S,1.0938,1.09534,1.09534,1.09071,-1.0,sl,-3.93,0.59,-4.52,-50.29
2024-02-06 18:15:00,2024-02-06 19:20:00,L,1.09504,1.09646,1.09433,1.09646,2.0,tp,3.63,0.59,3.04,-47.25
2024-02-07 16:10:00,2024-02-07 16:45:00,L,1.10078,1.09996,1.09996,1.10242,-1.0,sl,-2.09,0.59,-2.68,-49.93
2024-02-07 16:50:00,2024-02-07 18:45:00,L,1.10063,1.10253,1.09968,1.10253,2.0,tp,4.83,0.59,4.24,-45.69
2024-02-08 14:55:00,2024-02-08 22:55:00,L,1.10165,1.10251,1.10048,1.104,0.733,time,2.19,0.59,1.6,-44.09
2024-02-13 21:20:00,2024-02-13 21:35:00,L,1.1163,1.11689,1.11601,1.11689,2.0,tp,1.49,0.59,0.9,-43.19
2024-02-13 21:40:00,2024-02-14 00:05:00,L,1.1171,1.11601,1.11601,1.11929,-1.0,sl,-2.79,0.59,-3.38,-46.57
2024-02-19 14:05:00,2024-02-19 14:15:00,L,1.11032,1.10999,1.10999,1.11097,-1.0,sl,-0.83,0.59,-1.42,-47.99
2024-02-19 14:40:00,2024-02-19 16:10:00,L,1.11064,1.10992,1.10992,1.11208,-1.0,sl,-1.83,0.59,-2.42,-50.41
2024-02-20 14:05:00,2024-02-20 15:05:00,L,1.1103,1.11201,1.10944,1.11201,2.0,tp,4.36,0.59,3.77,-46.64
2024-02-22 15:35:00,2024-02-22 15:45:00,L,1.11216,1.11149,1.11149,1.1135,-1.0,sl,-1.71,0.59,-2.3,-48.94
2024-02-22 15:55:00,2024-02-22 16:20:00,L,1.11167,1.11135,1.11135,1.11231,-1.0,sl,-0.82,0.59,-1.41,-50.35
2024-02-22 16:30:00,2024-02-22 17:15:00,L,1.1116,1.11235,1.11122,1.11235,2.0,tp,1.92,0.59,1.33,-49.02
2024-02-23 15:05:00,2024-02-23 15:40:00,L,1.11546,1.11631,1.11504,1.11631,2.0,tp,2.16,0.59,1.57,-47.45
2024-02-23 15:55:00,2024-02-26 00:00:00,L,1.11653,1.1151,1.1151,1.11939,-1.0,sl,-3.64,0.59,-4.23,-51.68
2024-02-26 19:40:00,2024-02-27 00:00:00,L,1.11632,1.11565,1.11565,1.11766,-1.0,sl,-1.7,0.59,-2.29,-53.97
2024-02-27 15:35:00,2024-02-27 17:00:00,L,1.11545,1.11416,1.11416,1.11802,-1.0,sl,-3.28,0.59,-3.87,-57.84
2024-03-01 17:15:00,2024-03-01 18:20:00,L,1.11896,1.11821,1.11821,1.12046,-1.0,sl,-1.91,0.59,-2.5,-60.34
2024-03-01 18:25:00,2024-03-01 21:45:00,L,1.11855,1.11806,1.11806,1.11952,-1.0,sl,-1.24,0.59,-1.83,-62.17
2024-03-06 15:20:00,2024-03-06 15:55:00,L,1.12492,1.12415,1.12415,1.12646,-1.0,sl,-1.96,0.59,-2.55,-64.72
2024-03-06 16:15:00,2024-03-06 16:30:00,L,1.12389,1.12336,1.12336,1.12495,-1.0,sl,-1.35,0.59,-1.94,-66.66
2024-03-06 17:10:00,2024-03-07 00:00:00,L,1.12408,1.12238,1.12238,1.12748,-1.0,sl,-4.34,0.59,-4.93,-71.59
2024-03-07 16:05:00,2024-03-07 20:35:00,L,1.12194,1.12465,1.12059,1.12465,2.0,tp,6.9,0.59,6.31,-65.28
2024-03-08 19:30:00,2024-03-08 19:50:00,L,1.12584,1.12652,1.1255,1.12652,2.0,tp,1.72,0.59,1.13,-64.15
2024-03-08 19:55:00,2024-03-08 23:45:00,L,1.1264,1.12819,1.12551,1.12819,2.0,tp,4.56,0.59,3.97,-60.18
2024-03-14 14:30:00,2024-03-14 14:30:00,L,1.12473,1.1246,1.1246,1.12499,-1.0,sl,-0.34,0.59,-0.93,-61.11
2024-03-14 14:35:00,2024-03-14 22:35:00,L,1.12513,1.12688,1.12362,1.12816,1.155,time,4.46,0.59,3.87,-57.24
2024-03-18 14:15:00,2024-03-18 15:25:00,L,1.12469,1.12643,1.12382,1.12643,2.0,tp,4.44,0.59,3.85,-53.39
2024-03-20 14:55:00,2024-03-20 15:50:00,L,1.13025,1.13125,1.12975,1.13125,2.0,tp,2.55,0.59,1.96,-51.43
2024-03-21 14:20:00,2024-03-21 21:50:00,L,1.13905,1.13628,1.13628,1.14459,-1.0,sl,-7.06,0.59,-7.65,-59.08
2024-03-26 16:40:00,2024-03-26 18:40:00,L,1.14012,1.14163,1.13937,1.14163,2.0,tp,3.85,0.59,3.26,-55.82
2024-03-27 15:55:00,2024-03-27 17:20:00,L,1.14283,1.14424,1.14212,1.14424,2.0,tp,3.6,0.59,3.01,-52.81
2024-03-27 19:05:00,2024-03-27 22:40:00,L,1.1431,1.14232,1.14232,1.14467,-1.0,sl,-1.99,0.59,-2.58,-55.39
2024-04-02 15:45:00,2024-04-02 15:50:00,L,1.14027,1.14004,1.14004,1.14073,-1.0,sl,-0.58,0.59,-1.17,-56.56
2024-04-02 17:05:00,2024-04-02 18:15:00,L,1.13839,1.14026,1.13746,1.14026,2.0,tp,4.76,0.59,4.17,-52.39
2024-04-03 17:05:00,2024-04-03 18:35:00,L,1.1423,1.14113,1.14113,1.14465,-1.0,sl,-2.99,0.59,-3.58,-55.97
2024-04-03 18:45:00,2024-04-03 19:40:00,L,1.14168,1.14297,1.14103,1.14297,2.0,tp,3.29,0.59,2.7,-53.27
2024-04-04 16:05:00,2024-04-04 16:25:00,L,1.14648,1.14611,1.14611,1.14722,-1.0,sl,-0.94,0.59,-1.53,-54.8
2024-04-04 16:35:00,2024-04-04 16:50:00,L,1.14634,1.14588,1.14588,1.14725,-1.0,sl,-1.16,0.59,-1.75,-56.55
2024-04-04 17:00:00,2024-04-04 17:30:00,L,1.14613,1.147,1.1457,1.147,2.0,tp,2.22,0.59,1.63,-54.92
2024-04-04 18:00:00,2024-04-04 19:20:00,L,1.14617,1.14573,1.14573,1.14705,-1.0,sl,-1.13,0.59,-1.72,-56.64
2024-04-09 16:10:00,2024-04-09 20:15:00,L,1.14506,1.14419,1.14419,1.14679,-1.0,sl,-2.21,0.59,-2.8,-59.44
2024-04-10 15:50:00,2024-04-10 18:55:00,L,1.14546,1.14425,1.14425,1.14787,-1.0,sl,-3.07,0.59,-3.66,-63.1
2024-04-10 19:25:00,2024-04-10 19:45:00,L,1.14403,1.14458,1.14376,1.14458,2.0,tp,1.39,0.59,0.8,-62.3
2024-04-10 19:50:00,2024-04-10 20:20:00,L,1.14457,1.1462,1.14376,1.1462,2.0,tp,4.15,0.59,3.56,-58.74
2024-04-15 16:05:00,2024-04-15 17:35:00,L,1.14041,1.13816,1.13816,1.14492,-1.0,sl,-5.74,0.59,-6.33,-65.07
2024-04-19 17:25:00,2024-04-19 18:20:00,S,1.13105,1.12777,1.13269,1.12777,2.0,tp,8.36,0.59,7.77,-57.3
2024-04-22 18:15:00,2024-04-22 18:15:00,S,1.1239,1.12416,1.12416,1.12338,-1.0,sl,-0.66,0.59,-1.25,-58.55
2024-04-22 18:55:00,2024-04-22 19:05:00,S,1.12505,1.12543,1.12543,1.12428,-1.0,sl,-0.98,0.59,-1.57,-60.12
2024-04-24 16:15:00,2024-04-24 18:40:00,L,1.13534,1.13683,1.13459,1.13683,2.0,tp,3.8,0.59,3.21,-56.91
2024-04-25 15:45:00,2024-04-25 16:10:00,L,1.14148,1.14022,1.14022,1.14399,-1.0,sl,-3.2,0.59,-3.79,-60.7
2024-04-25 16:20:00,2024-04-26 00:20:00,L,1.14085,1.14081,1.13988,1.14279,-0.041,time,-0.1,0.59,-0.69,-61.39
2024-04-26 18:05:00,2024-04-26 18:05:00,L,1.13972,1.13903,1.13903,1.14109,-1.0,sl,-1.75,0.59,-2.34,-63.73
2024-04-26 18:45:00,2024-04-29 02:55:00,L,1.1402,1.14294,1.13852,1.14357,1.627,time,6.98,0.59,6.39,-57.34
2024-05-01 14:35:00,2024-05-01 14:35:00,L,1.14871,1.14839,1.14839,1.14934,-1.0,sl,-0.81,0.59,-1.4,-58.74
2024-05-01 14:45:00,2024-05-01 15:15:00,L,1.14875,1.14834,1.14834,1.14956,-1.0,sl,-1.04,0.59,-1.63,-60.37
2024-05-01 15:25:00,2024-05-01 15:25:00,L,1.1486,1.14818,1.14818,1.14944,-1.0,sl,-1.07,0.59,-1.66,-62.03
2024-05-01 15:40:00,2024-05-01 16:20:00,L,1.14855,1.148,1.148,1.14965,-1.0,sl,-1.4,0.59,-1.99,-64.02
2024-05-01 16:45:00,2024-05-01 17:05:00,L,1.14839,1.1476,1.1476,1.14997,-1.0,sl,-2.01,0.59,-2.6,-66.62
2024-05-01 17:15:00,2024-05-01 17:40:00,L,1.14776,1.14853,1.14737,1.14853,2.0,tp,1.97,0.59,1.38,-65.24
2024-05-10 18:25:00,2024-05-13 00:00:00,L,1.1348,1.13421,1.13421,1.13599,-1.0,sl,-1.51,0.59,-2.1,-67.34
2024-05-20 16:45:00,2024-05-20 19:55:00,L,1.15457,1.15676,1.15347,1.15676,2.0,tp,5.59,0.59,5.0,-62.34
2024-05-22 21:45:00,2024-05-22 22:30:00,L,1.16341,1.16402,1.1631,1.16402,2.0,tp,1.56,0.59,0.97,-61.37
2024-05-22 22:35:00,2024-05-23 00:20:00,L,1.16406,1.16311,1.16311,1.16595,-1.0,sl,-2.41,0.59,-3.0,-64.37
2024-05-23 18:05:00,2024-05-23 19:05:00,L,1.16166,1.16294,1.16102,1.16294,2.0,tp,3.25,0.59,2.66,-61.71
2024-05-23 19:10:00,2024-05-23 20:50:00,L,1.16298,1.16144,1.16144,1.16606,-1.0,sl,-3.92,0.59,-4.51,-66.22
2024-06-05 15:15:00,2024-06-05 15:45:00,S,1.14051,1.14106,1.14106,1.13942,-1.0,sl,-1.39,0.59,-1.98,-68.2
2024-06-05 15:55:00,2024-06-05 16:25:00,S,1.14113,1.14041,1.14149,1.14041,2.0,tp,1.84,0.59,1.25,-66.95
2024-06-05 16:30:00,2024-06-05 17:00:00,S,1.14065,1.13897,1.14149,1.13897,2.0,tp,4.27,0.59,3.68,-63.27
2024-06-06 17:15:00,2024-06-06 17:20:00,S,1.13992,1.14039,1.14039,1.13897,-1.0,sl,-1.21,0.59,-1.8,-65.07
2024-06-06 17:50:00,2024-06-06 18:25:00,S,1.13946,1.14076,1.14076,1.13686,-1.0,sl,-3.31,0.59,-3.9,-68.97
2024-06-06 18:30:00,2024-06-06 19:05:00,S,1.14038,1.13952,1.14081,1.13952,2.0,tp,2.19,0.59,1.6,-67.37
2024-06-10 15:50:00,2024-06-10 17:40:00,S,1.1401,1.14091,1.14091,1.13848,-1.0,sl,-2.06,0.59,-2.65,-70.02
2024-06-11 17:10:00,2024-06-11 18:05:00,L,1.14171,1.14366,1.14074,1.14366,2.0,tp,4.96,0.59,4.37,-65.65
2024-06-12 14:05:00,2024-06-12 14:20:00,L,1.14337,1.1427,1.1427,1.14471,-1.0,sl,-1.7,0.59,-2.29,-67.94
2024-06-12 14:40:00,2024-06-12 15:15:00,L,1.14277,1.14232,1.14232,1.14366,-1.0,sl,-1.14,0.59,-1.73,-69.67
2024-06-12 15:45:00,2024-06-12 23:45:00,L,1.14281,1.14443,1.14026,1.1479,0.636,time,4.13,0.59,3.54,-66.13
2024-06-17 14:50:00,2024-06-17 15:30:00,S,1.13019,1.13099,1.13099,1.12858,-1.0,sl,-2.05,0.59,-2.64,-68.77
2024-06-17 15:50:00,2024-06-17 16:15:00,S,1.13116,1.13055,1.13147,1.13055,2.0,tp,1.56,0.59,0.97,-67.8
2024-06-17 16:20:00,2024-06-17 16:50:00,S,1.13054,1.13146,1.13146,1.12869,-1.0,sl,-2.35,0.59,-2.94,-70.74
2024-06-17 17:00:00,2024-06-17 17:40:00,S,1.13112,1.1317,1.1317,1.12997,-1.0,sl,-1.47,0.59,-2.06,-72.8
2024-06-17 18:00:00,2024-06-18 02:00:00,S,1.13106,1.12996,1.13191,1.12936,1.292,time,2.8,0.59,2.21,-70.59
2024-06-19 14:05:00,2024-06-19 15:35:00,S,1.12659,1.12474,1.12751,1.12474,2.0,tp,4.7,0.59,4.11,-66.48
2024-06-19 18:05:00,2024-06-19 18:15:00,S,1.12562,1.12489,1.12598,1.12489,2.0,tp,1.86,0.59,1.27,-65.21
2024-06-19 18:20:00,2024-06-20 02:20:00,S,1.12492,1.12485,1.12598,1.12279,0.066,time,0.18,0.59,-0.41,-65.62
2024-07-03 14:05:00,2024-07-03 17:35:00,L,1.14706,1.14941,1.14589,1.14941,2.0,tp,5.98,0.59,5.39,-60.23
2024-07-04 15:05:00,2024-07-04 15:15:00,L,1.14735,1.14715,1.14715,1.14775,-1.0,sl,-0.51,0.59,-1.1,-61.33
2024-07-04 15:30:00,2024-07-04 17:10:00,L,1.14734,1.14821,1.1469,1.14821,2.0,tp,2.22,0.59,1.63,-59.7
2024-07-09 14:05:00,2024-07-09 14:40:00,L,1.15064,1.14954,1.14954,1.15285,-1.0,sl,-2.82,0.59,-3.41,-63.11
2024-07-09 15:25:00,2024-07-09 15:40:00,L,1.14939,1.14904,1.14904,1.15009,-1.0,sl,-0.89,0.59,-1.48,-64.59
2024-07-09 15:45:00,2024-07-09 17:40:00,L,1.14958,1.1489,1.1489,1.15094,-1.0,sl,-1.73,0.59,-2.32,-66.91
2024-07-11 14:35:00,2024-07-11 14:40:00,L,1.15596,1.15631,1.15579,1.15631,2.0,tp,0.88,0.59,0.29,-66.62
2024-07-11 14:45:00,2024-07-11 15:30:00,L,1.15632,1.15579,1.15579,1.15738,-1.0,sl,-1.36,0.59,-1.95,-68.57
2024-07-11 15:35:00,2024-07-11 16:10:00,L,1.15646,1.154,1.154,1.16137,-1.0,sl,-6.26,0.59,-6.85,-75.42
2024-07-11 16:35:00,2024-07-11 17:45:00,L,1.15354,1.15499,1.15281,1.15499,2.0,tp,3.71,0.59,3.12,-72.3
2024-07-11 17:55:00,2024-07-11 23:00:00,L,1.15447,1.15759,1.15291,1.15759,2.0,tp,7.95,0.59,7.36,-64.94
2024-07-12 15:35:00,2024-07-12 23:35:00,L,1.16013,1.16151,1.15831,1.16378,0.757,time,3.52,0.59,2.93,-62.01
2024-07-15 14:15:00,2024-07-15 16:10:00,L,1.15992,1.16085,1.15946,1.16085,2.0,tp,2.36,0.59,1.77,-60.24
2024-07-15 19:55:00,2024-07-15 21:30:00,L,1.16081,1.16169,1.16037,1.16169,2.0,tp,2.25,0.59,1.66,-58.58
2024-07-23 14:45:00,2024-07-23 22:45:00,L,1.14983,1.1502,1.14837,1.15275,0.253,time,0.94,0.59,0.35,-58.23
2024-07-24 21:05:00,2024-07-25 00:40:00,S,1.14341,1.14151,1.14436,1.14151,2.0,tp,4.83,0.59,4.24,-53.99
2024-07-25 16:25:00,2024-07-25 16:25:00,S,1.13506,1.13433,1.13543,1.13433,2.0,tp,1.86,0.59,1.27,-52.72
2024-07-25 16:30:00,2024-07-25 16:35:00,S,1.13465,1.1331,1.13542,1.1331,2.0,tp,3.94,0.59,3.35,-49.37
2024-07-25 16:40:00,2024-07-26 00:40:00,S,1.13326,1.13264,1.13543,1.12892,0.285,time,1.58,0.59,0.99,-48.38
2024-07-26 14:15:00,2024-07-26 14:50:00,S,1.13696,1.13749,1.13749,1.1359,-1.0,sl,-1.35,0.59,-1.94,-50.32
2024-07-26 15:10:00,2024-07-26 15:35:00,S,1.13691,1.1356,1.13757,1.1356,2.0,tp,3.34,0.59,2.75,-47.57
2024-07-29 14:45:00,2024-07-29 15:20:00,S,1.13551,1.13627,1.13627,1.134,-1.0,sl,-1.93,0.59,-2.52,-50.09
2024-08-01 14:15:00,2024-08-01 14:35:00,S,1.11946,1.12202,1.12202,1.11435,-1.0,sl,-6.51,0.59,-7.1,-57.19
2024-08-01 15:15:00,2024-08-01 15:15:00,S,1.12186,1.12276,1.12276,1.12007,-1.0,sl,-2.29,0.59,-2.88,-60.07
2024-08-01 15:30:00,2024-08-01 18:20:00,S,1.12117,1.11679,1.12336,1.11679,2.0,tp,11.16,0.59,10.57,-49.5
2024-08-02 15:25:00,2024-08-02 15:30:00,S,1.11007,1.10931,1.11045,1.10931,2.0,tp,1.93,0.59,1.34,-48.16
2024-08-05 19:45:00,2024-08-05 22:10:00,S,1.09032,1.08482,1.09307,1.08482,2.0,tp,14.02,0.59,13.43,-34.73
2024-08-06 18:25:00,2024-08-07 02:25:00,S,1.08296,1.08169,1.08567,1.07754,0.468,time,3.24,0.59,2.65,-32.08
2024-08-20 16:00:00,2024-08-20 16:55:00,S,1.1191,1.11766,1.11982,1.11766,2.0,tp,3.67,0.59,3.08,-29.0
2024-08-20 17:00:00,2024-08-20 19:55:00,S,1.11777,1.11497,1.11917,1.11497,2.0,tp,7.14,0.59,6.55,-22.45
2024-08-21 14:40:00,2024-08-21 17:30:00,S,1.11444,1.11589,1.11589,1.11154,-1.0,sl,-3.7,0.59,-4.29,-26.74
2024-08-21 17:45:00,2024-08-21 17:50:00,S,1.11566,1.11404,1.11647,1.11404,2.0,tp,4.13,0.59,3.54,-23.2
2024-08-21 17:55:00,2024-08-22 01:55:00,S,1.11389,1.11373,1.11647,1.10874,0.062,time,0.41,0.59,-0.18,-23.38
2024-09-03 15:20:00,2024-09-03 16:00:00,S,1.11861,1.11702,1.1194,1.11702,2.0,tp,4.05,0.59,3.46,-19.92
2024-09-04 14:05:00,2024-09-04 14:40:00,S,1.1142,1.11501,1.11501,1.11259,-1.0,sl,-2.05,0.59,-2.64,-22.56
2024-09-04 18:05:00,2024-09-04 23:20:00,S,1.11571,1.11268,1.11722,1.11268,2.0,tp,7.71,0.59,7.12,-15.44
2024-09-05 18:15:00,2024-09-05 23:25:00,S,1.11542,1.11176,1.11725,1.11176,2.0,tp,9.33,0.59,8.74,-6.7
2024-09-06 17:05:00,2024-09-09 01:10:00,S,1.11239,1.1068,1.11593,1.10531,1.58,time,14.24,0.59,13.65,6.95
2024-09-09 20:45:00,2024-09-10 04:45:00,S,1.10989,1.10995,1.11117,1.10733,-0.047,time,-0.15,0.59,-0.74,6.21
2024-09-11 16:10:00,2024-09-11 16:30:00,S,1.11149,1.10971,1.11238,1.10971,2.0,tp,4.54,0.59,3.95,10.16
2024-09-11 16:35:00,2024-09-11 17:20:00,S,1.10937,1.10336,1.11238,1.10336,2.0,tp,15.32,0.59,14.73,24.89
2024-09-13 19:05:00,2024-09-16 03:10:00,S,1.1136,1.11355,1.11504,1.11072,0.035,time,0.13,0.59,-0.46,24.43
2024-09-19 14:05:00,2024-09-19 22:05:00,L,1.12523,1.12462,1.12074,1.1342,-0.136,time,-1.55,0.59,-2.14,22.29
2024-09-20 16:55:00,2024-09-20 17:20:00,L,1.12816,1.12927,1.1276,1.12927,2.0,tp,2.84,0.59,2.25,24.54
2024-09-20 17:25:00,2024-09-20 20:25:00,L,1.12921,1.13242,1.1276,1.13242,2.0,tp,8.18,0.59,7.59,32.13
2024-09-23 20:10:00,2024-09-23 21:15:00,L,1.12949,1.1304,1.12903,1.1304,2.0,tp,2.32,0.59,1.73,33.86
2024-09-24 17:45:00,2024-09-24 18:10:00,L,1.13221,1.13167,1.13167,1.1333,-1.0,sl,-1.39,0.59,-1.98,31.88
2024-09-24 19:15:00,2024-09-24 21:25:00,L,1.13217,1.13113,1.13113,1.13424,-1.0,sl,-2.64,0.59,-3.23,28.65
2024-09-25 20:25:00,2024-09-25 20:40:00,L,1.1322,1.13147,1.13147,1.13366,-1.0,sl,-1.85,0.59,-2.44,26.21
2024-09-25 20:50:00,2024-09-25 21:00:00,L,1.13168,1.13261,1.13121,1.13261,2.0,tp,2.37,0.59,1.78,27.99
2024-09-30 16:15:00,2024-09-30 17:05:00,L,1.12898,1.13091,1.12802,1.13091,2.0,tp,4.91,0.59,4.32,32.31
2024-09-30 17:20:00,2024-09-30 17:40:00,L,1.12934,1.13109,1.12847,1.13109,2.0,tp,4.45,0.59,3.86,36.17
2024-10-03 16:50:00,2024-10-03 16:55:00,S,1.11664,1.11562,1.11715,1.11562,2.0,tp,2.6,0.59,2.01,38.18
2024-10-03 17:00:00,2024-10-03 17:00:00,S,1.11496,1.1172,1.1172,1.11048,-1.0,sl,-5.7,0.59,-6.29,31.89
2024-10-03 17:15:00,2024-10-03 17:45:00,S,1.11612,1.11847,1.11847,1.11142,-1.0,sl,-5.99,0.59,-6.58,25.31
2024-10-11 14:10:00,2024-10-11 16:50:00,S,1.12042,1.12127,1.12127,1.11872,-1.0,sl,-2.16,0.59,-2.75,22.56
2024-10-11 17:00:00,2024-10-11 17:10:00,S,1.12053,1.12175,1.12175,1.1181,-1.0,sl,-3.1,0.59,-3.69,18.87
2024-10-15 17:55:00,2024-10-16 01:55:00,L,1.12842,1.12697,1.12558,1.1341,-0.51,time,-3.69,0.59,-4.28,14.59
2024-10-18 14:05:00,2024-10-18 15:55:00,L,1.12983,1.12875,1.12875,1.13199,-1.0,sl,-2.75,0.59,-3.34,11.25
2024-10-18 18:00:00,2024-10-18 18:20:00,L,1.12787,1.12844,1.12758,1.12844,2.0,tp,1.45,0.59,0.86,12.11
2024-10-18 18:30:00,2024-10-18 18:55:00,L,1.12879,1.12759,1.12759,1.13119,-1.0,sl,-3.06,0.59,-3.65,8.46
2024-10-18 19:05:00,2024-10-18 20:20:00,L,1.12783,1.12895,1.12727,1.12895,2.0,tp,2.84,0.59,2.25,10.71
2024-10-29 20:40:00,2024-10-30 04:40:00,L,1.1287,1.1283,1.12728,1.13153,-0.282,time,-1.02,0.59,-1.61,9.1
2024-10-30 16:20:00,2024-10-30 16:25:00,S,1.12791,1.12912,1.12912,1.12548,-1.0,sl,-3.1,0.59,-3.69,5.41
2024-10-30 16:30:00,2024-10-30 16:50:00,S,1.12866,1.12607,1.12996,1.12607,2.0,tp,6.61,0.59,6.02,11.43
2024-10-30 16:55:00,2024-10-31 00:55:00,S,1.12621,1.12248,1.12995,1.11873,0.998,time,9.5,0.59,8.91,20.34
2024-10-31 14:05:00,2024-10-31 15:55:00,S,1.12315,1.11913,1.12516,1.11913,2.0,tp,10.24,0.59,9.65,29.99
2024-11-06 15:15:00,2024-11-06 16:25:00,L,1.12605,1.12518,1.12518,1.12779,-1.0,sl,-2.22,0.59,-2.81,27.18
2024-11-11 15:55:00,2024-11-11 17:10:00,L,1.13223,1.13164,1.13164,1.13342,-1.0,sl,-1.52,0.59,-2.11,25.07
2024-11-15 14:35:00,2024-11-15 17:10:00,S,1.12558,1.12246,1.12714,1.12246,2.0,tp,7.94,0.59,7.35,32.42
2024-11-18 14:15:00,2024-11-18 14:20:00,S,1.12061,1.12086,1.12086,1.12012,-1.0,sl,-0.63,0.59,-1.22,31.2
2024-11-18 14:25:00,2024-11-18 14:55:00,S,1.12058,1.12096,1.12096,1.11983,-1.0,sl,-0.96,0.59,-1.55,29.65
2024-11-18 15:15:00,2024-11-18 15:45:00,S,1.12047,1.11886,1.12128,1.11886,2.0,tp,4.11,0.59,3.52,33.17
2024-11-18 19:20:00,2024-11-19 03:20:00,S,1.12003,1.11924,1.12082,1.11845,1.0,time,2.01,0.59,1.42,34.59
2024-11-19 18:00:00,2024-11-19 18:15:00,S,1.11686,1.11794,1.11794,1.1147,-1.0,sl,-2.75,0.59,-3.34,31.25
2024-11-19 18:45:00,2024-11-19 19:25:00,S,1.11797,1.11848,1.11848,1.11695,-1.0,sl,-1.3,0.59,-1.89,29.36
2024-11-19 21:10:00,2024-11-19 22:55:00,S,1.11969,1.11872,1.12017,1.11872,2.0,tp,2.46,0.59,1.87,31.23
2024-11-21 14:35:00,2024-11-21 15:35:00,S,1.11628,1.11739,1.11739,1.11405,-1.0,sl,-2.84,0.59,-3.43,27.8
2024-11-21 15:45:00,2024-11-21 23:45:00,S,1.11689,1.1163,1.11798,1.11471,0.542,time,1.5,0.59,0.91,28.71
2024-11-26 15:05:00,2024-11-26 18:45:00,S,1.11545,1.11356,1.1164,1.11356,2.0,tp,4.82,0.59,4.23,32.94
2024-11-29 14:10:00,2024-11-29 15:50:00,L,1.1192,1.11737,1.11737,1.12285,-1.0,sl,-4.66,0.59,-5.25,27.69
2024-11-29 16:05:00,2024-11-29 16:05:00,L,1.11698,1.11671,1.11671,1.11751,-1.0,sl,-0.68,0.59,-1.27,26.42
2024-11-29 16:45:00,2024-11-29 19:55:00,L,1.11793,1.12094,1.11642,1.12094,2.0,tp,7.68,0.59,7.09,33.51
2024-12-04 17:40:00,2024-12-04 17:45:00,L,1.12286,1.12212,1.12212,1.12435,-1.0,sl,-1.89,0.59,-2.48,31.03
2024-12-04 17:55:00,2024-12-05 01:55:00,L,1.12235,1.12232,1.12175,1.12356,-0.05,time,-0.08,0.59,-0.67,30.36
2024-12-06 20:25:00,2024-12-06 20:40:00,S,1.11888,1.11913,1.11913,1.11838,-1.0,sl,-0.63,0.59,-1.22,29.14
2024-12-10 14:25:00,2024-12-10 14:45:00,L,1.12148,1.12209,1.12117,1.12209,2.0,tp,1.56,0.59,0.97,30.11
2024-12-10 14:50:00,2024-12-10 18:50:00,L,1.12255,1.12531,1.12117,1.12531,2.0,tp,7.02,0.59,6.43,36.54
2024-12-11 14:05:00,2024-12-11 17:15:00,L,1.12529,1.12717,1.12435,1.12717,2.0,tp,4.8,0.59,4.21,40.75
2024-12-12 18:00:00,2024-12-12 18:40:00,L,1.12772,1.12881,1.12717,1.12881,2.0,tp,2.79,0.59,2.2,42.95
2024-12-12 18:45:00,2024-12-13 02:45:00,L,1.12922,1.13032,1.1272,1.13326,0.544,time,2.8,0.59,2.21,45.16
2024-12-13 15:40:00,2024-12-13 17:30:00,L,1.12901,1.12834,1.12834,1.13034,-1.0,sl,-1.7,0.59,-2.29,42.87
2024-12-17 15:40:00,2024-12-17 15:50:00,L,1.13778,1.13728,1.13728,1.13877,-1.0,sl,-1.27,0.59,-1.86,41.01
2024-12-17 17:10:00,2024-12-17 19:00:00,L,1.13664,1.13538,1.13538,1.13916,-1.0,sl,-3.21,0.59,-3.8,37.21
2024-12-17 19:50:00,2024-12-17 20:00:00,L,1.13493,1.13444,1.13444,1.1359,-1.0,sl,-1.24,0.59,-1.83,35.38
2024-12-17 20:05:00,2024-12-17 20:45:00,L,1.13451,1.13426,1.13426,1.13501,-1.0,sl,-0.63,0.59,-1.22,34.16
2024-12-18 16:15:00,2024-12-18 17:00:00,L,1.13412,1.13307,1.13307,1.13623,-1.0,sl,-2.68,0.59,-3.27,30.89
2024-12-18 18:20:00,2024-12-18 18:55:00,L,1.13305,1.13442,1.13237,1.13442,2.0,tp,3.49,0.59,2.9,33.79
2024-12-20 16:05:00,2024-12-20 16:30:00,S,1.12125,1.12274,1.12274,1.11826,-1.0,sl,-3.8,0.59,-4.39,29.4
2024-12-20 16:45:00,2024-12-20 17:00:00,S,1.12257,1.12282,1.12282,1.12207,-1.0,sl,-0.63,0.59,-1.22,28.18
2024-12-20 17:10:00,2024-12-20 17:20:00,S,1.12184,1.12324,1.12324,1.11905,-1.0,sl,-3.56,0.59,-4.15,24.03
2024-12-20 17:30:00,2024-12-20 17:30:00,S,1.12302,1.12344,1.12344,1.12218,-1.0,sl,-1.07,0.59,-1.66,22.37
2024-12-20 17:35:00,2024-12-20 18:15:00,S,1.1226,1.12356,1.12356,1.12069,-1.0,sl,-2.44,0.59,-3.03,19.34
2024-12-20 18:40:00,2024-12-20 18:40:00,S,1.12391,1.12428,1.12428,1.12317,-1.0,sl,-0.94,0.59,-1.53,17.81
2024-12-20 19:30:00,2024-12-20 19:35:00,S,1.12421,1.12483,1.12483,1.12296,-1.0,sl,-1.59,0.59,-2.18,15.63
2024-12-20 20:10:00,2024-12-20 20:50:00,S,1.12458,1.12333,1.1252,1.12333,2.0,tp,3.18,0.59,2.59,18.22
2024-12-23 14:35:00,2024-12-23 14:50:00,L,1.12329,1.12428,1.12279,1.12428,2.0,tp,2.53,0.59,1.94,20.16
2024-12-23 14:55:00,2024-12-23 22:55:00,L,1.12442,1.12637,1.12279,1.12769,1.194,time,4.97,0.59,4.38,24.54
2024-12-24 17:50:00,2024-12-24 17:50:00,L,1.12953,1.12909,1.12909,1.13042,-1.0,sl,-1.13,0.59,-1.72,22.82
2024-12-24 18:00:00,2024-12-24 18:35:00,L,1.12951,1.1288,1.1288,1.13093,-1.0,sl,-1.81,0.59,-2.4,20.42
2024-12-24 19:05:00,2024-12-24 19:20:00,L,1.12859,1.12816,1.12816,1.12944,-1.0,sl,-1.08,0.59,-1.67,18.75
2024-12-24 20:10:00,2024-12-24 20:40:00,L,1.12799,1.12899,1.12749,1.12899,2.0,tp,2.56,0.59,1.97,20.72
2024-12-24 20:45:00,2024-12-24 21:15:00,L,1.12893,1.12749,1.12749,1.13181,-1.0,sl,-3.68,0.59,-4.27,16.45
2024-12-24 21:50:00,2024-12-26 05:50:00,L,1.12814,1.12857,1.12656,1.1313,0.272,time,1.1,0.59,0.51,16.96
2024-12-26 15:15:00,2024-12-26 16:40:00,L,1.12764,1.12668,1.12668,1.12957,-1.0,sl,-2.45,0.59,-3.04,13.92
2024-12-30 17:05:00,2024-12-30 17:05:00,L,1.13548,1.13512,1.13512,1.1362,-1.0,sl,-0.91,0.59,-1.5,12.42
2024-12-30 17:15:00,2024-12-30 17:35:00,L,1.13559,1.13477,1.13477,1.13723,-1.0,sl,-2.09,0.59,-2.68,9.74
2024-12-30 18:00:00,2024-12-30 18:00:00,L,1.13422,1.13392,1.13392,1.13482,-1.0,sl,-0.76,0.59,-1.35,8.39
2024-12-30 18:20:00,2024-12-30 22:55:00,L,1.13574,1.13376,1.13376,1.13971,-1.0,sl,-5.06,0.59,-5.65,2.74
2024-12-31 15:55:00,2024-12-31 16:05:00,L,1.13364,1.1347,1.13311,1.1347,2.0,tp,2.7,0.59,2.11,4.85
2024-12-31 17:05:00,2024-12-31 17:10:00,L,1.13334,1.13524,1.13239,1.13524,2.0,tp,4.84,0.59,4.25,9.1
2024-12-31 17:15:00,2025-01-02 01:15:00,L,1.1352,1.13521,1.13238,1.14084,0.004,time,0.03,0.59,-0.56,8.54
2025-01-07 17:55:00,2025-01-08 01:55:00,L,1.13486,1.13464,1.1331,1.13839,-0.125,time,-0.56,0.59,-1.15,7.39
2025-01-08 20:55:00,2025-01-08 21:15:00,S,1.12616,1.12682,1.12682,1.12484,-1.0,sl,-1.68,0.59,-2.27,5.12
2025-01-08 21:40:00,2025-01-09 05:40:00,S,1.12621,1.12406,1.1274,1.12382,1.802,time,5.48,0.59,4.89,10.01
2025-01-09 16:10:00,2025-01-09 17:00:00,S,1.12021,1.1225,1.1225,1.11564,-1.0,sl,-5.83,0.59,-6.42,3.59
2025-01-09 19:20:00,2025-01-09 23:55:00,S,1.123,1.1221,1.12345,1.1221,2.0,tp,2.3,0.59,1.71,5.3
2025-01-10 15:15:00,2025-01-10 15:30:00,S,1.12466,1.12231,1.12584,1.12231,2.0,tp,5.99,0.59,5.4,10.7
2025-01-10 15:35:00,2025-01-10 23:35:00,S,1.12029,1.11883,1.12591,1.10906,0.26,time,3.72,0.59,3.13,13.83
2025-01-13 16:10:00,2025-01-13 16:10:00,S,1.11266,1.11344,1.11344,1.1111,-1.0,sl,-1.98,0.59,-2.57,11.26
2025-01-13 17:05:00,2025-01-13 17:05:00,S,1.11517,1.11557,1.11557,1.11436,-1.0,sl,-1.03,0.59,-1.62,9.64
2025-01-13 18:45:00,2025-01-13 20:30:00,S,1.11736,1.11836,1.11836,1.11536,-1.0,sl,-2.54,0.59,-3.13,6.51
2025-01-13 21:05:00,2025-01-13 23:45:00,S,1.11758,1.11876,1.11876,1.11521,-1.0,sl,-3.02,0.59,-3.61,2.9
2025-01-16 19:30:00,2025-01-16 20:40:00,S,1.11553,1.11427,1.11616,1.11427,2.0,tp,3.2,0.59,2.61,5.51
2025-01-17 14:20:00,2025-01-17 16:40:00,S,1.11199,1.11358,1.11358,1.10881,-1.0,sl,-4.05,0.59,-4.64,0.87
2025-01-17 16:55:00,2025-01-17 17:05:00,S,1.11292,1.11409,1.11409,1.11058,-1.0,sl,-2.98,0.59,-3.57,-2.7
2025-01-21 14:05:00,2025-01-21 15:35:00,S,1.1149,1.1154,1.1154,1.1139,-1.0,sl,-1.28,0.59,-1.87,-4.57
2025-01-28 14:10:00,2025-01-28 14:15:00,L,1.12617,1.12579,1.12579,1.12693,-1.0,sl,-0.96,0.59,-1.55,-6.12
2025-01-28 14:55:00,2025-01-28 15:00:00,L,1.12596,1.12556,1.12556,1.12676,-1.0,sl,-1.01,0.59,-1.6,-7.72
2025-01-28 17:05:00,2025-01-28 17:55:00,L,1.1245,1.12589,1.12381,1.12589,2.0,tp,3.54,0.59,2.95,-4.77
2025-01-28 18:00:00,2025-01-29 02:00:00,L,1.12604,1.12492,1.12383,1.13046,-0.507,time,-2.85,0.59,-3.44,-8.21
2025-01-29 14:05:00,2025-01-29 18:30:00,L,1.12569,1.12782,1.12462,1.12782,2.0,tp,5.43,0.59,4.84,-3.37
2025-01-30 14:05:00,2025-01-30 15:05:00,L,1.12921,1.12824,1.12824,1.13116,-1.0,sl,-2.48,0.59,-3.07,-6.44
2025-01-30 22:50:00,2025-01-30 23:55:00,L,1.13014,1.12919,1.12919,1.13203,-1.0,sl,-2.41,0.59,-3.0,-9.44
2025-01-31 14:20:00,2025-01-31 15:10:00,L,1.13068,1.12977,1.12977,1.13251,-1.0,sl,-2.33,0.59,-2.92,-12.36
2025-01-31 18:05:00,2025-01-31 18:35:00,L,1.12848,1.13119,1.12713,1.13119,2.0,tp,6.9,0.59,6.31,-6.05
2025-02-03 17:25:00,2025-02-04 01:25:00,L,1.12917,1.13331,1.1267,1.13411,1.676,time,10.55,0.59,9.96,3.91
2025-02-07 18:00:00,2025-02-07 18:25:00,L,1.12957,1.12765,1.12765,1.13341,-1.0,sl,-4.89,0.59,-5.48,-1.57
2025-02-07 18:35:00,2025-02-07 18:35:00,L,1.1279,1.12731,1.12731,1.12908,-1.0,sl,-1.5,0.59,-2.09,-3.66
2025-02-07 19:10:00,2025-02-07 19:15:00,L,1.12815,1.12714,1.12714,1.13017,-1.0,sl,-2.57,0.59,-3.16,-6.82
2025-02-12 16:00:00,2025-02-12 17:20:00,L,1.13286,1.13485,1.13186,1.13485,2.0,tp,5.08,0.59,4.49,-2.33
2025-02-18 15:15:00,2025-02-18 18:30:00,L,1.13563,1.13806,1.13442,1.13806,2.0,tp,6.19,0.59,5.6,3.27
2025-02-19 14:05:00,2025-02-19 16:05:00,L,1.13758,1.1369,1.1369,1.13894,-1.0,sl,-1.74,0.59,-2.33,0.94
2025-02-26 16:40:00,2025-02-26 16:50:00,L,1.13185,1.13302,1.13127,1.13302,2.0,tp,2.97,0.59,2.38,3.32
2025-02-26 16:55:00,2025-02-27 00:55:00,L,1.13309,1.1335,1.13127,1.13674,0.225,time,1.04,0.59,0.45,3.77
2025-02-27 17:50:00,2025-02-27 21:40:00,L,1.13547,1.13373,1.13373,1.13895,-1.0,sl,-4.44,0.59,-5.03,-1.26
2025-02-28 18:45:00,2025-02-28 20:15:00,L,1.13527,1.13429,1.13429,1.13723,-1.0,sl,-2.49,0.59,-3.08,-4.34
2025-02-28 21:20:00,2025-03-03 05:25:00,L,1.13539,1.13603,1.13352,1.13913,0.342,time,1.63,0.59,1.04,-3.3
2025-03-03 23:00:00,2025-03-04 03:25:00,L,1.1382,1.1366,1.1366,1.1414,-1.0,sl,-4.08,0.59,-4.67,-7.97
2025-03-05 15:55:00,2025-03-05 16:10:00,L,1.13781,1.14003,1.1367,1.14003,2.0,tp,5.65,0.59,5.06,-2.91
2025-03-05 17:05:00,2025-03-06 01:05:00,L,1.14406,1.14827,1.13856,1.15505,0.766,time,10.73,0.59,10.14,7.23
2025-03-06 14:15:00,2025-03-06 16:05:00,L,1.14132,1.13968,1.13968,1.1446,-1.0,sl,-4.17,0.59,-4.76,2.47
2025-03-11 16:10:00,2025-03-11 16:20:00,L,1.13795,1.13589,1.13589,1.14207,-1.0,sl,-5.24,0.59,-5.83,-3.36
2025-03-11 16:30:00,2025-03-11 16:50:00,L,1.13618,1.13769,1.13542,1.13769,2.0,tp,3.86,0.59,3.27,-0.09
2025-03-11 16:55:00,2025-03-11 20:20:00,L,1.13772,1.14232,1.13542,1.14232,2.0,tp,11.73,0.59,11.14,11.05
2025-03-13 14:15:00,2025-03-13 14:35:00,L,1.1411,1.14302,1.14014,1.14302,2.0,tp,4.89,0.59,4.3,15.35
2025-03-13 14:40:00,2025-03-13 22:40:00,L,1.14293,1.14262,1.14014,1.14851,-0.111,time,-0.79,0.59,-1.38,13.97
2025-03-14 18:00:00,2025-03-14 18:25:00,L,1.14352,1.14276,1.14276,1.14505,-1.0,sl,-1.95,0.59,-2.54,11.43
2025-03-14 18:40:00,2025-03-14 19:00:00,L,1.14267,1.14362,1.14219,1.14362,2.0,tp,2.43,0.59,1.84,13.27
2025-03-14 19:05:00,2025-03-17 03:10:00,L,1.14357,1.14336,1.1422,1.1463,-0.154,time,-0.54,0.59,-1.13,12.14
2025-03-20 18:55:00,2025-03-20 18:55:00,L,1.14332,1.14294,1.14294,1.14407,-1.0,sl,-0.96,0.59,-1.55,10.59
2025-03-20 19:55:00,2025-03-20 20:20:00,L,1.1433,1.14249,1.14249,1.14491,-1.0,sl,-2.06,0.59,-2.65,7.94
2025-03-24 16:05:00,2025-03-24 19:00:00,L,1.14138,1.13971,1.13971,1.14472,-1.0,sl,-4.25,0.59,-4.84,3.1
2025-03-25 17:05:00,2025-03-26 01:05:00,L,1.14052,1.14224,1.13873,1.14409,0.963,time,4.38,0.59,3.79,6.89
2025-03-27 15:50:00,2025-03-27 16:05:00,L,1.14175,1.14124,1.14124,1.14278,-1.0,sl,-1.31,0.59,-1.9,4.99
2025-03-27 16:30:00,2025-03-27 23:00:00,L,1.14214,1.14077,1.14077,1.14488,-1.0,sl,-3.49,0.59,-4.08,0.91
2025-03-28 14:35:00,2025-03-28 16:25:00,L,1.14175,1.14089,1.14089,1.14346,-1.0,sl,-2.18,0.59,-2.77,-1.86
2025-03-31 19:30:00,2025-04-01 03:30:00,L,1.14108,1.14162,1.13982,1.14359,0.43,time,1.38,0.59,0.79,-1.07
2025-04-02 16:45:00,2025-04-02 19:25:00,L,1.1428,1.14544,1.14148,1.14544,2.0,tp,6.72,0.59,6.13,5.06
2025-04-04 21:25:00,2025-04-07 00:00:00,S,1.10997,1.10536,1.11228,1.10536,2.0,tp,11.75,0.59,11.16,16.22
2025-04-07 16:05:00,2025-04-07 17:10:00,S,1.09743,1.10114,1.10114,1.09001,-1.0,sl,-9.45,0.59,-10.04,6.18
2025-04-07 17:25:00,2025-04-08 01:25:00,S,1.10071,1.09504,1.11245,1.07723,0.483,time,14.45,0.59,13.86,20.04
2025-04-08 17:45:00,2025-04-08 20:10:00,S,1.0936,1.08791,1.09644,1.08791,2.0,tp,14.49,0.59,13.9,33.94
2025-04-09 19:05:00,2025-04-09 20:20:00,S,1.07419,1.07673,1.07673,1.06911,-1.0,sl,-6.47,0.59,-7.06,26.88
2025-04-11 14:05:00,2025-04-11 15:45:00,S,1.07049,1.0655,1.07299,1.0655,2.0,tp,12.72,0.59,12.13,39.01
2025-04-11 21:05:00,2025-04-11 23:00:00,S,1.06801,1.06613,1.06895,1.06613,2.0,tp,4.78,0.59,4.19,43.2
2025-05-02 16:20:00,2025-05-02 16:50:00,S,1.09855,1.09619,1.09973,1.09619,2.0,tp,6.0,0.59,5.41,48.61
2025-05-02 17:00:00,2025-05-02 19:40:00,S,1.0972,1.09974,1.09974,1.09212,-1.0,sl,-6.47,0.59,-7.06,41.55
2025-05-05 14:55:00,2025-05-05 15:40:00,S,1.09636,1.09688,1.09688,1.09532,-1.0,sl,-1.32,0.59,-1.91,39.64
2025-05-05 16:10:00,2025-05-05 17:00:00,S,1.09656,1.09453,1.09757,1.09453,2.0,tp,5.17,0.59,4.58,44.22
2025-05-12 14:40:00,2025-05-12 14:50:00,L,1.11183,1.11032,1.11032,1.11484,-1.0,sl,-3.84,0.59,-4.43,39.79
2025-05-12 15:15:00,2025-05-12 23:15:00,L,1.11211,1.11393,1.10948,1.11738,0.691,time,4.64,0.59,4.05,43.84
2025-05-19 16:45:00,2025-05-19 17:30:00,L,1.11398,1.1132,1.1132,1.11554,-1.0,sl,-1.98,0.59,-2.57,41.27
2025-05-19 18:05:00,2025-05-19 18:55:00,L,1.11281,1.11433,1.11205,1.11433,2.0,tp,3.87,0.59,3.28,44.55
2025-05-19 19:30:00,2025-05-20 03:30:00,L,1.11445,1.11594,1.11238,1.11858,0.721,time,3.8,0.59,3.21,47.76
2025-05-21 15:35:00,2025-05-21 16:30:00,S,1.10635,1.10826,1.10826,1.10252,-1.0,sl,-4.88,0.59,-5.47,42.29
2025-05-21 16:40:00,2025-05-21 17:00:00,S,1.10809,1.10881,1.10881,1.10666,-1.0,sl,-1.83,0.59,-2.42,39.87
2025-05-21 17:05:00,2025-05-21 18:15:00,S,1.10828,1.10907,1.10907,1.1067,-1.0,sl,-2.01,0.59,-2.6,37.27
2025-05-21 19:15:00,2025-05-21 19:25:00,S,1.10898,1.10971,1.10971,1.10751,-1.0,sl,-1.87,0.59,-2.46,34.81
2025-05-21 20:05:00,2025-05-21 20:15:00,S,1.10922,1.10737,1.11014,1.10737,2.0,tp,4.71,0.59,4.12,38.93
2025-05-23 15:10:00,2025-05-23 23:10:00,L,1.10936,1.11087,1.10717,1.11374,0.689,time,3.85,0.59,3.26,42.19
2025-05-26 18:30:00,2025-05-27 02:30:00,L,1.11246,1.11292,1.1117,1.11397,0.608,time,1.17,0.59,0.58,42.77
2025-05-27 16:40:00,2025-05-27 17:10:00,L,1.11786,1.11865,1.11746,1.11865,2.0,tp,2.03,0.59,1.44,44.21
2025-05-27 17:15:00,2025-05-27 18:00:00,L,1.11901,1.11742,1.11742,1.12218,-1.0,sl,-4.04,0.59,-4.63,39.58
2025-05-27 19:05:00,2025-05-27 20:00:00,L,1.11813,1.11674,1.11674,1.12091,-1.0,sl,-3.54,0.59,-4.13,35.45
2025-05-30 14:20:00,2025-05-30 14:55:00,S,1.11103,1.11022,1.11144,1.11022,2.0,tp,2.07,0.59,1.48,36.93
2025-05-30 15:00:00,2025-05-30 15:40:00,S,1.11036,1.10821,1.11144,1.10821,2.0,tp,5.48,0.59,4.89,41.82
2025-06-05 20:15:00,2025-06-05 22:25:00,L,1.1141,1.11254,1.11254,1.11721,-1.0,sl,-3.97,0.59,-4.56,37.26
2025-06-05 22:30:00,2025-06-05 23:15:00,L,1.11288,1.11239,1.11239,1.11385,-1.0,sl,-1.24,0.59,-1.83,35.43
2025-06-06 19:15:00,2025-06-09 00:00:00,L,1.11224,1.11133,1.11133,1.11405,-1.0,sl,-2.31,0.59,-2.9,32.53
2025-06-09 15:45:00,2025-06-09 23:45:00,L,1.11243,1.11332,1.11161,1.11406,1.089,time,2.27,0.59,1.68,34.21
2025-06-10 16:05:00,2025-06-10 16:05:00,S,1.1098,1.11003,1.11003,1.10934,-1.0,sl,-0.59,0.59,-1.18,33.03
2025-06-10 16:35:00,2025-06-10 16:35:00,S,1.11066,1.11039,1.1108,1.11039,2.0,tp,0.69,0.59,0.1,33.13
2025-06-10 16:40:00,2025-06-10 16:55:00,S,1.1104,1.11079,1.11079,1.10961,-1.0,sl,-1.0,0.59,-1.59,31.54
2025-06-10 17:10:00,2025-06-10 17:25:00,S,1.11075,1.11133,1.11133,1.10959,-1.0,sl,-1.47,0.59,-2.06,29.48
2025-06-10 17:40:00,2025-06-10 18:15:00,S,1.11105,1.11176,1.11176,1.10964,-1.0,sl,-1.8,0.59,-2.39,27.09
2025-06-10 18:35:00,2025-06-11 00:00:00,S,1.11108,1.10945,1.1119,1.10945,2.0,tp,4.16,0.59,3.57,30.66
2025-06-12 17:40:00,2025-06-12 17:45:00,S,1.10601,1.10534,1.10635,1.10534,2.0,tp,1.72,0.59,1.13,31.79
2025-06-12 18:25:00,2025-06-12 21:00:00,S,1.10519,1.10288,1.10635,1.10288,2.0,tp,5.89,0.59,5.3,37.09
2025-06-13 14:15:00,2025-06-13 18:00:00,S,1.10123,1.10249,1.10249,1.09871,-1.0,sl,-3.21,0.59,-3.8,33.29
2025-06-13 19:40:00,2025-06-16 00:20:00,S,1.10264,1.09986,1.10403,1.09986,2.0,tp,7.09,0.59,6.5,39.79
2025-06-17 17:10:00,2025-06-17 17:25:00,S,1.10293,1.1008,1.104,1.1008,2.0,tp,5.43,0.59,4.84,44.63
2025-06-23 16:45:00,2025-06-23 17:00:00,S,1.09682,1.09762,1.09762,1.09523,-1.0,sl,-2.03,0.59,-2.62,42.01
2025-06-23 17:30:00,2025-06-23 17:40:00,S,1.09879,1.09765,1.09936,1.09765,2.0,tp,2.91,0.59,2.32,44.33
2025-06-23 17:50:00,2025-06-24 01:15:00,S,1.09755,1.09937,1.09937,1.09391,-1.0,sl,-4.64,0.59,-5.23,39.1
2025-06-26 18:40:00,2025-06-27 02:40:00,S,1.09878,1.09906,1.09995,1.09644,-0.239,time,-0.71,0.59,-1.3,37.8
2025-07-01 19:30:00,2025-07-02 03:30:00,S,1.08823,1.08688,1.0895,1.08569,1.063,time,3.44,0.59,2.85,40.65
2025-07-02 20:50:00,2025-07-03 00:00:00,S,1.07934,1.08025,1.08025,1.07752,-1.0,sl,-2.32,0.59,-2.91,37.74
2025-07-09 16:00:00,2025-07-09 16:25:00,S,1.08277,1.08194,1.08318,1.08194,2.0,tp,2.1,0.59,1.51,39.25
2025-07-09 16:30:00,2025-07-09 23:50:00,S,1.08196,1.07951,1.08318,1.07951,2.0,tp,6.24,0.59,5.65,44.9
2025-07-15 15:25:00,2025-07-15 15:30:00,S,1.07164,1.07041,1.07226,1.07041,2.0,tp,3.14,0.59,2.55,47.45
2025-07-15 15:40:00,2025-07-15 17:20:00,S,1.07124,1.07227,1.07227,1.06917,-1.0,sl,-2.63,0.59,-3.22,44.23
2025-07-15 17:50:00,2025-07-15 18:10:00,S,1.0722,1.07334,1.07334,1.06992,-1.0,sl,-2.9,0.59,-3.49,40.74
2025-07-15 18:40:00,2025-07-15 19:45:00,S,1.07235,1.07368,1.07368,1.0697,-1.0,sl,-3.38,0.59,-3.97,36.77
2025-07-29 16:05:00,2025-07-30 00:05:00,S,1.0752,1.07565,1.07685,1.07191,-0.273,time,-1.15,0.59,-1.74,35.03
2025-07-31 19:50:00,2025-07-31 22:55:00,S,1.07449,1.07266,1.07541,1.07266,2.0,tp,4.66,0.59,4.07,39.1
2025-08-08 16:35:00,2025-08-08 19:55:00,L,1.08457,1.0864,1.08365,1.0864,2.0,tp,4.67,0.59,4.08,43.18
2025-08-14 14:30:00,2025-08-14 14:50:00,L,1.09424,1.09344,1.09344,1.09584,-1.0,sl,-2.04,0.59,-2.63,40.55
2025-08-14 15:10:00,2025-08-14 15:30:00,L,1.09345,1.09451,1.09292,1.09451,2.0,tp,2.71,0.59,2.12,42.67
2025-08-14 15:35:00,2025-08-14 16:05:00,L,1.09384,1.0929,1.0929,1.09572,-1.0,sl,-2.39,0.59,-2.98,39.69
2025-08-14 16:15:00,2025-08-14 17:05:00,L,1.09301,1.09416,1.09244,1.09416,2.0,tp,2.92,0.59,2.33,42.02
2025-08-14 17:10:00,2025-08-14 23:55:00,L,1.09435,1.09243,1.09243,1.0982,-1.0,sl,-4.9,0.59,-5.49,36.53
2025-08-15 18:10:00,2025-08-18 00:00:00,L,1.09246,1.0915,1.0915,1.09437,-1.0,sl,-2.44,0.59,-3.03,33.5
2025-08-21 14:05:00,2025-08-21 15:35:00,S,1.08528,1.08405,1.08589,1.08405,2.0,tp,3.12,0.59,2.53,36.03
2025-08-22 17:20:00,2025-08-25 01:25:00,S,1.08278,1.08375,1.08594,1.07645,-0.307,time,-2.47,0.59,-3.06,32.97
2025-08-25 15:20:00,2025-08-25 19:25:00,S,1.08366,1.08452,1.08452,1.08194,-1.0,sl,-2.19,0.59,-2.78,30.19
2025-08-28 16:15:00,2025-08-28 16:20:00,S,1.08363,1.08318,1.08385,1.08318,2.0,tp,1.14,0.59,0.55,30.74
2025-08-28 16:40:00,2025-08-28 17:10:00,S,1.0827,1.08385,1.08385,1.0804,-1.0,sl,-2.93,0.59,-3.52,27.22
2025-08-29 15:30:00,2025-08-29 22:00:00,S,1.07969,1.08087,1.08087,1.07733,-1.0,sl,-3.01,0.59,-3.6,23.62
2025-09-02 17:45:00,2025-09-02 18:15:00,S,1.07644,1.07452,1.0774,1.07452,2.0,tp,4.89,0.59,4.3,27.92
2025-09-02 21:20:00,2025-09-02 21:50:00,S,1.07671,1.07717,1.07717,1.07579,-1.0,sl,-1.18,0.59,-1.77,26.15
2025-09-17 15:40:00,2025-09-17 16:45:00,S,1.07443,1.0748,1.0748,1.07368,-1.0,sl,-0.95,0.59,-1.54,24.61
2025-09-17 16:55:00,2025-09-17 18:10:00,S,1.07465,1.07509,1.07509,1.07377,-1.0,sl,-1.12,0.59,-1.71,22.9
2025-09-23 16:15:00,2025-09-23 17:00:00,S,1.07143,1.07058,1.07185,1.07058,2.0,tp,2.16,0.59,1.57,24.47
2025-09-23 18:05:00,2025-09-23 18:40:00,S,1.07188,1.07088,1.07238,1.07088,2.0,tp,2.55,0.59,1.96,26.43
2025-09-23 19:00:00,2025-09-24 03:00:00,S,1.07079,1.07039,1.07236,1.06766,0.256,time,1.02,0.59,0.43,26.86
2025-09-24 14:05:00,2025-09-24 14:55:00,S,1.07043,1.06911,1.07109,1.06911,2.0,tp,3.38,0.59,2.79,29.65
2025-09-24 15:00:00,2025-09-24 23:00:00,S,1.06902,1.0695,1.07067,1.06571,-0.29,time,-1.22,0.59,-1.81,27.84
2025-10-02 19:30:00,2025-10-02 21:00:00,S,1.07274,1.07311,1.07311,1.072,-1.0,sl,-0.95,0.59,-1.54,26.3
2025-10-03 17:05:00,2025-10-06 00:00:00,S,1.07169,1.0698,1.07263,1.0698,2.0,tp,4.81,0.59,4.22,30.52
2025-10-06 18:05:00,2025-10-07 02:05:00,S,1.07185,1.07161,1.0734,1.06875,0.155,time,0.61,0.59,0.02,30.54
2025-10-07 18:55:00,2025-10-07 20:35:00,S,1.07124,1.07209,1.07209,1.06953,-1.0,sl,-2.18,0.59,-2.77,27.77
2025-10-09 17:05:00,2025-10-09 17:50:00,S,1.07377,1.07209,1.07461,1.07209,2.0,tp,4.29,0.59,3.7,31.47
2025-10-10 18:20:00,2025-10-10 18:35:00,S,1.07018,1.06746,1.07154,1.06746,2.0,tp,6.94,0.59,6.35,37.82
2025-10-10 18:40:00,2025-10-13 01:05:00,S,1.06749,1.07155,1.07155,1.05937,-1.0,sl,-10.35,0.59,-10.94,26.88
2025-10-14 22:40:00,2025-10-15 00:05:00,S,1.06713,1.06561,1.06789,1.06561,2.0,tp,3.88,0.59,3.29,30.17
2025-10-15 14:25:00,2025-10-15 16:35:00,S,1.06916,1.06727,1.0701,1.06727,2.0,tp,4.8,0.59,4.21,34.38
2025-10-17 14:55:00,2025-10-17 15:05:00,S,1.06299,1.06417,1.06417,1.06062,-1.0,sl,-3.02,0.59,-3.61,30.77
2025-10-17 15:15:00,2025-10-17 15:20:00,S,1.06373,1.06456,1.06456,1.06207,-1.0,sl,-2.11,0.59,-2.7,28.07
2025-10-17 15:30:00,2025-10-17 15:45:00,S,1.06404,1.0624,1.06486,1.0624,2.0,tp,4.17,0.59,3.58,31.65
2025-10-17 15:50:00,2025-10-17 21:30:00,S,1.06248,1.06485,1.06485,1.05773,-1.0,sl,-6.05,0.59,-6.64,25.01
2025-10-21 16:05:00,2025-10-21 16:35:00,S,1.0644,1.0633,1.06495,1.0633,2.0,tp,2.8,0.59,2.21,27.22
2025-10-21 16:40:00,2025-10-21 19:00:00,S,1.0631,1.06495,1.06495,1.0594,-1.0,sl,-4.72,0.59,-5.31,21.91
2025-10-22 15:15:00,2025-10-22 15:55:00,S,1.06164,1.06219,1.06219,1.06053,-1.0,sl,-1.41,0.59,-2.0,19.91
2025-10-22 17:20:00,2025-10-22 18:50:00,S,1.06318,1.06386,1.06386,1.06183,-1.0,sl,-1.72,0.59,-2.31,17.6
2025-10-24 16:30:00,2025-10-24 17:35:00,S,1.06038,1.05878,1.06118,1.05878,2.0,tp,4.07,0.59,3.48,21.08
2025-10-29 14:05:00,2025-10-29 17:00:00,S,1.05315,1.05432,1.05432,1.0508,-1.0,sl,-2.99,0.59,-3.58,17.5
2025-10-29 17:45:00,2025-10-29 18:00:00,S,1.05459,1.05345,1.05516,1.05345,2.0,tp,2.89,0.59,2.3,19.8
2025-10-29 18:10:00,2025-10-29 21:30:00,S,1.0538,1.05516,1.05516,1.05107,-1.0,sl,-3.48,0.59,-4.07,15.73
2025-10-29 22:40:00,2025-10-29 23:00:00,S,1.05558,1.05389,1.05642,1.05389,2.0,tp,4.3,0.59,3.71,19.44
2025-10-30 14:15:00,2025-10-30 15:50:00,S,1.05456,1.05552,1.05552,1.05264,-1.0,sl,-2.45,0.59,-3.04,16.4
2025-11-04 18:00:00,2025-11-05 02:00:00,S,1.05558,1.05517,1.0576,1.05155,0.203,time,1.04,0.59,0.45,16.85
2025-11-05 15:45:00,2025-11-05 16:15:00,S,1.0568,1.05532,1.05754,1.05532,2.0,tp,3.78,0.59,3.19,20.04
2025-11-13 15:05:00,2025-11-13 15:10:00,S,1.04787,1.04826,1.04826,1.04708,-1.0,sl,-1.0,0.59,-1.59,18.45
2025-11-13 15:30:00,2025-11-13 15:30:00,S,1.04815,1.04744,1.04851,1.04744,2.0,tp,1.82,0.59,1.23,19.68
2025-11-13 15:35:00,2025-11-13 17:50:00,S,1.04752,1.04555,1.0485,1.04555,2.0,tp,5.01,0.59,4.42,24.1
2025-11-14 20:10:00,2025-11-14 23:00:00,S,1.0446,1.04572,1.04572,1.04235,-1.0,sl,-2.86,0.59,-3.45,20.65
2025-11-26 14:05:00,2025-11-26 14:05:00,L,1.06188,1.0606,1.0606,1.06444,-1.0,sl,-3.26,0.59,-3.85,16.8
2025-11-26 14:20:00,2025-11-26 14:50:00,L,1.06038,1.06295,1.05909,1.06295,2.0,tp,6.56,0.59,5.97,22.77
2025-11-26 20:20:00,2025-11-26 21:20:00,L,1.06368,1.06449,1.06327,1.06449,2.0,tp,2.08,0.59,1.49,24.26
2025-11-28 14:05:00,2025-11-28 17:30:00,L,1.06426,1.06347,1.06347,1.06584,-1.0,sl,-2.01,0.59,-2.6,21.66
2025-12-05 14:25:00,2025-12-05 22:25:00,L,1.07196,1.07204,1.07078,1.07432,0.068,time,0.2,0.59,-0.39,21.27
2025-12-09 14:50:00,2025-12-09 14:50:00,L,1.07433,1.07403,1.07403,1.07493,-1.0,sl,-0.76,0.59,-1.35,19.92
2025-12-09 15:00:00,2025-12-09 15:20:00,L,1.07419,1.07381,1.07381,1.07495,-1.0,sl,-0.96,0.59,-1.55,18.37
2025-12-09 15:35:00,2025-12-09 15:35:00,L,1.07388,1.07368,1.07368,1.07428,-1.0,sl,-0.51,0.59,-1.1,17.27
2025-12-09 16:05:00,2025-12-09 19:35:00,L,1.07358,1.07259,1.07259,1.07557,-1.0,sl,-2.53,0.59,-3.12,14.15
2025-12-15 20:20:00,2025-12-16 00:00:00,S,1.06522,1.06401,1.06583,1.06401,2.0,tp,3.08,0.59,2.49,16.64
2025-12-16 15:20:00,2025-12-16 15:30:00,L,1.06702,1.06667,1.06667,1.06772,-1.0,sl,-0.89,0.59,-1.48,15.16
2025-12-16 15:45:00,2025-12-16 17:00:00,L,1.06655,1.06593,1.06593,1.06779,-1.0,sl,-1.58,0.59,-2.17,12.99
2025-12-16 17:15:00,2025-12-16 17:15:00,L,1.06577,1.06551,1.06551,1.06629,-1.0,sl,-0.66,0.59,-1.25,11.74
2025-12-16 17:30:00,2025-12-16 17:45:00,L,1.06544,1.06652,1.0649,1.06652,2.0,tp,2.75,0.59,2.16,13.9
2025-12-16 17:50:00,2025-12-17 01:50:00,L,1.06649,1.0675,1.0649,1.06966,0.637,time,2.57,0.59,1.98,15.88
2025-12-17 16:30:00,2025-12-17 17:55:00,S,1.06296,1.06359,1.06359,1.0617,-1.0,sl,-1.61,0.59,-2.2,13.68
2025-12-17 18:40:00,2025-12-18 00:05:00,S,1.06417,1.06246,1.06502,1.06246,2.0,tp,4.35,0.59,3.76,17.44
2025-12-18 17:05:00,2025-12-19 01:05:00,S,1.06517,1.06277,1.0671,1.0613,1.242,time,6.12,0.59,5.53,22.97
2025-12-19 15:10:00,2025-12-19 20:55:00,S,1.06369,1.0645,1.0645,1.06206,-1.0,sl,-2.07,0.59,-2.66,20.31
2025-12-24 16:30:00,2025-12-24 17:15:00,S,1.06431,1.06472,1.06472,1.06348,-1.0,sl,-1.05,0.59,-1.64,18.67
2025-12-26 15:25:00,2025-12-26 23:25:00,L,1.06505,1.06594,1.0645,1.06614,1.629,time,2.27,0.59,1.68,20.35
2025-12-31 18:05:00,2026-01-02 02:05:00,L,1.06589,1.06698,1.06399,1.06969,0.574,time,2.78,0.59,2.19,22.54
2026-01-06 15:20:00,2026-01-06 16:00:00,L,1.0717,1.07228,1.07141,1.07228,2.0,tp,1.49,0.59,0.9,23.44
2026-01-06 16:05:00,2026-01-06 18:05:00,L,1.07219,1.07376,1.07141,1.07376,2.0,tp,4.0,0.59,3.41,26.85
2026-01-07 15:20:00,2026-01-07 16:20:00,L,1.0737,1.07337,1.07337,1.07436,-1.0,sl,-0.84,0.59,-1.43,25.42
2026-01-07 16:30:00,2026-01-07 17:10:00,L,1.07349,1.07432,1.07307,1.07432,2.0,tp,2.13,0.59,1.54,26.96
2026-01-08 17:05:00,2026-01-08 18:10:00,L,1.07201,1.07387,1.07108,1.07387,2.0,tp,4.74,0.59,4.15,31.11
2026-01-09 14:05:00,2026-01-09 14:45:00,L,1.07261,1.07348,1.07217,1.07348,2.0,tp,2.23,0.59,1.64,32.75
2026-01-12 15:55:00,2026-01-12 16:40:00,L,1.07321,1.07433,1.07265,1.07433,2.0,tp,2.85,0.59,2.26,35.01
2026-01-12 16:50:00,2026-01-12 17:50:00,L,1.07433,1.07265,1.07265,1.07769,-1.0,sl,-4.28,0.59,-4.87,30.14
2026-01-12 18:25:00,2026-01-12 18:30:00,L,1.07269,1.07241,1.07241,1.07326,-1.0,sl,-0.72,0.59,-1.31,28.83
2026-01-12 18:45:00,2026-01-12 18:50:00,L,1.07258,1.07312,1.07231,1.07312,2.0,tp,1.39,0.59,0.8,29.63
2026-01-12 18:55:00,2026-01-13 00:00:00,L,1.0733,1.07231,1.07231,1.07529,-1.0,sl,-2.53,0.59,-3.12,26.51
2026-01-14 15:35:00,2026-01-14 16:45:00,L,1.07694,1.07606,1.07606,1.0787,-1.0,sl,-2.25,0.59,-2.84,23.67
2026-01-14 17:00:00,2026-01-14 17:30:00,L,1.07613,1.07553,1.07553,1.07734,-1.0,sl,-1.54,0.59,-2.13,21.54
2026-01-15 17:05:00,2026-01-16 01:05:00,L,1.07493,1.07489,1.07286,1.07907,-0.019,time,-0.1,0.59,-0.69,20.85
2026-01-20 17:05:00,2026-01-20 17:50:00,S,1.06494,1.06364,1.06559,1.06364,2.0,tp,3.32,0.59,2.73,23.58
2026-01-20 17:55:00,2026-01-21 01:55:00,S,1.06339,1.06125,1.06559,1.05899,0.973,time,5.45,0.59,4.86,28.44
2026-01-21 16:10:00,2026-01-22 00:10:00,L,1.06287,1.06757,1.05974,1.06914,1.5,time,11.98,0.59,11.39,39.83
2026-01-26 14:25:00,2026-01-26 18:00:00,S,1.06234,1.06035,1.06333,1.06035,2.0,tp,5.06,0.59,4.47,44.3
2026-01-28 16:15:00,2026-01-28 16:50:00,S,1.05816,1.05881,1.05881,1.05686,-1.0,sl,-1.65,0.59,-2.24,42.06
2026-01-28 17:00:00,2026-01-28 17:00:00,S,1.05859,1.05907,1.05907,1.05763,-1.0,sl,-1.23,0.59,-1.82,40.24
2026-01-30 20:10:00,2026-01-30 20:20:00,S,1.058,1.05699,1.05851,1.05699,2.0,tp,2.58,0.59,1.99,42.23
2026-02-05 19:10:00,2026-02-06 03:10:00,S,1.0524,1.0517,1.05368,1.04985,0.549,time,1.78,0.59,1.19,43.42
2026-02-06 15:20:00,2026-02-06 16:35:00,S,1.05698,1.0553,1.05782,1.0553,2.0,tp,4.28,0.59,3.69,47.11
2026-02-09 15:10:00,2026-02-09 15:15:00,S,1.05162,1.05033,1.05226,1.05033,2.0,tp,3.28,0.59,2.69,49.8
2026-02-10 14:40:00,2026-02-10 14:50:00,S,1.048,1.0485,1.0485,1.04701,-1.0,sl,-1.26,0.59,-1.85,47.95
2026-02-10 15:10:00,2026-02-10 15:25:00,S,1.04912,1.04804,1.04966,1.04804,2.0,tp,2.76,0.59,2.17,50.12
2026-02-10 15:30:00,2026-02-10 16:30:00,S,1.04817,1.04518,1.04967,1.04518,2.0,tp,7.63,0.59,7.04,57.16
2026-02-10 19:50:00,2026-02-10 19:55:00,S,1.04771,1.04827,1.04827,1.04658,-1.0,sl,-1.43,0.59,-2.02,55.14
2026-02-12 17:05:00,2026-02-12 23:55:00,S,1.04988,1.04727,1.05119,1.04727,2.0,tp,6.65,0.59,6.06,61.2
2026-02-13 18:10:00,2026-02-13 22:15:00,S,1.04763,1.04864,1.04864,1.04561,-1.0,sl,-2.58,0.59,-3.17,58.03
